drinkname,rum,soda,grain alcohol,herb,anis,vodka,citrus,currant,spice,brandy,syrup,agave,almond,bitters,campari,apple,whiskey,cream,cocoa,beer,berries,butter,salt,champagne,coke,milk,coconut,coffee,wine,tropical fruit,gin,grape,guava,tequila,cookie,peach,chili,ice cream,rose,vinegar,tomato,water,yoghurt
A1,0.0,0.0,0.0,0,0,0.0,1,0,0,1.0,1.020875,0,0,0.0,0.0,0,0.0,0,0,0.0,0,0,0,0.0,0.0,0.0,0,0.0,0.0,0,1.75,0,1,0.0,0,0,0,0,0,0,0,0,0.0
ABC,0.0,0.0,0.0,0,0,0.0,0,0,0,0.3333333333333333,0.0,0,1,0.0,0.0,0,0.3333333333333333,1,1,0.0,0,0,0,0.0,0.0,0.0,0,0.0,0.0,0,0.0,0,0,0.0,0,0,0,0,0,0,0,0,0.0
Ace,0.0,0.0,0.0,0,0,0.0,0,0,0,0.0,0.0835,0,0,0.0,0.0,0,0.0,1,0,0.0,0,0,0,0.0,0.0,4.0,0,0.0,0.0,0,2.0,0,1,0.0,0,0,0,0,0,0,0,0,0.0
Adam,2.0,0.0,0.0,0,0,0.0,0,0,0,0.0,0.167,0,0,0.0,0.0,0,0.0,0,0,0.0,0,0,0,0.0,0.0,0.0,0,0.0,0.0,0,0.0,0,1,0.0,0,0,0,0,0,0,0,0,0.0
AT&T,0.0,0.136,0.0,0,0,1.5,0,0,0,0.0,0.0,0,0,0.0,0.0,0,0.0,0,0,0.0,0,0,0,0.0,0.0,0.0,0,0.0,0.0,0,1.0,0,0,0.0,0,0,0,0,0,0,0,0,0.0
ACID,1.0,0.0,0.0,0,0,0.0,0,0,0,0.0,0.0,0,0,0.0,0.0,0,1.0,0,0,0.0,0,0,0,0.0,0.0,0.0,0,0.0,0.0,0,0.0,0,0,0.0,0,0,0,0,0,0,0,0,0.0
A. J.,0.0,0.0,0.0,0,0,0.0,0,0,0,0.0,0.0,0,0,0.0,0.0,1,1.5,0,0,0.0,0,0,0,0.0,0.0,0.0,0,0.0,0.0,0,0.0,1,0,0.0,0,0,0,0,0,0,0,0,0.0
Affair,0.0,0.0,2.0,0,0,0.0,1,0,0,0.0,0.0,0,0,0.0,0.0,0,0.0,0,0,0.0,1,0,0,0.0,0.0,0.0,0,0.0,0.0,0,0.0,0,0,0.0,0,0,0,0,0,0,0,0,0.0
Apello,0.0,0.0,0.0,0,0,0.0,1,0,0,0.0,0.0,0,0,0.0,0.0,1,0.0,0,0,0.0,0,0,0,0.0,0.0,0.0,0,0.0,0.0,0,0.0,1,0,0.0,0,0,0,0,0,0,0,0,0.0
Avalon,0.0,0.0,1.0,0,0,3.0,0,0,0,0.0,0.0,0,0,0.0,0.0,1,0.0,0,0,0.0,0,0,0,0.0,0.0,0.0,0,0.0,0.0,0,0.0,0,0,0.0,0,0,0,0,0,0,0,0,0.0
Abilene,1.5,0.0,0.0,0,0,0.0,1,0,0,0.0,2.0,0,0,0.0,0.0,0,0.0,0,0,0.0,0,0,0,0.0,0.0,0.0,0,0.0,0.0,0,0.0,0,0,0.0,0,1,0,0,0,0,0,0,0.0
Almeria,3.0,0.0,0.0,0,0,0.0,0,0,0,0.0,0.0,0,0,0.0,0.0,0,0.0,0,0,0.0,0,0,0,0.0,0.0,0.0,0,1.0,0.0,0,0.0,0,0,0.0,0,0,0,0,0,0,0,0,0.0
Addison,0.0,0.0,0.0,1,0,0.0,0,0,0,0.0,0.0,0,0,0.0,0.0,0,0.0,0,0,0.0,0,0,0,0.0,0.0,0.0,0,0.0,0.5072099999999999,0,1.5,0,0,0.0,0,0,0,0,0,0,0,0,0.0
Acapulco,1.5,0.0,1.5,0,0,0.0,1,0,0,0.0,0.167,0,0,0.0,0.0,0,0.0,0,0,0.0,0,0,0,0.0,0.0,0.0,0,0.0,0.0,0,0.0,0,0,0.0,0,0,0,0,0,0,0,0,0.0
Affinity,0.0,0.0,0.0,1,0,0.0,1,0,0,0.0,0.0,0,0,0.66,0.0,0,1.5,0,0,0.0,0,0,0,0.0,0.0,0.0,0,0.0,2.0,0,0.0,0,0,0.0,0,0,0,0,0,0,0,0,0.0
Applecar,0.0,0.0,1.0,0,0,0.0,1,0,0,0.0,0.0,0,0,0.0,0.0,1,1.0,0,0,0.0,0,0,0,0.0,0.0,0.0,0,0.0,0.0,0,0.0,0,0,0.0,0,0,0,0,0,0,0,0,0.0
Aviation,0.0,0.0,0.2505,0,0,0.0,0,0,0,0.0,0.0,0,0,0.0,0.0,0,0.0,0,0,0.0,0,0,0,0.0,0.0,0.0,0,0.0,0.0,0,4.5,0,0,0.0,0,0,0,0,0,0,0,0,0.0
Alexander,0.0,0.0,0.5,0,0,0.0,0,0,0,0.0,0.0,0,0,0.0,0.0,0,0.0,1,1,0.0,0,0,0,0.0,0.0,0.0,0,0.0,0.0,0,0.5,0,0,0.0,0,0,0,0,0,0,0,0,0.0
Algonquin,0.0,0.0,0.0,1,0,0.0,0,0,0,0.0,0.0,0,0,0.0,0.0,0,1.5,0,0,0.0,0,0,0,0.0,0.0,0.0,0,0.0,1.0,1,0.0,0,0,0.0,0,0,0,0,0,0,0,0,0.0
Allegheny,0.0,0.0,0.0,1,0,0.0,0,0,0,1.5,0.0,0,0,0.0,0.0,0,1.0,0,0,0.0,1,0,0,0.0,0.0,0.0,0,0.0,1.0,0,0.0,0,0,0.0,0,0,0,0,0,0,0,0,0.0
Artillery,0.0,0.0,0.0,1,0,0.0,0,0,0,0.0,0.0,0,0,0.66,0.0,0,0.0,0,0,0.0,0,0,0,0.0,0.0,0.0,0,0.0,1.5,0,1.5,0,0,0.0,0,0,0,0,0,0,0,0,0.0
Afterglow,0.0,0.0,0.0,0,0,0.0,1,0,0,0.0,0.167,0,0,0.0,0.0,0,0.0,0,0,0.0,0,0,0,0.0,0.0,0.0,0,0.0,0.0,1,0.0,0,1,0.0,0,0,0,0,0,0,0,0,0.0
Autodafé,0.0,0.0,0.0,0,0,4.0,0,0,0,0.0,0.0,0,0,0.0,0.0,0,0.0,0,0,0.0,0,0,0,0.0,0.0,0.0,0,0.0,0.0,0,0.0,0,0,0.0,0,0,0,0,0,0,0,0,0.0
Afternoon,1.0,0.0,1.5,1,0,0.0,0,0,0,0.0,0.0,0,0,0.0,0.0,0,1.0,1,1,0.0,0,0,0,0.0,0.0,0.0,0,5.0,0.0,0,0.0,0,0,0.0,0,0,0,0,0,0,0,0,0.0
After sex,0.0,0.0,0.33814,0,0,2.0,0,0,0,0.0,0.0,0,0,0.0,0.0,0,0.0,0,0,0.0,0,0,0,0.0,0.0,0.0,0,0.0,0.0,0,0.0,0,0,0.0,0,0,0,0,0,0,0,0,0.0
B-53,0.3333333333333333,0.0,0.3333333333333333,0,1,0.0,1,0,0,0.3333333333333333,0.3333333333333333,0,0,0.0,0.0,0,0.0,0,0,0.0,0,0,0,0.0,0.0,0.0,0,0.3333333333333333,0.0,0,0.0,0,0,0.0,0,0,0,0,0,0,0,0,0.0
B-52,0.25,0.0,0.0,0,0,0.0,1,0,0,0.3333333333333333,0.3333333333333333,0,0,0.0,0.0,0,0.3333333333333333,1,1,0.0,0,0,0,0.0,0.0,0.0,0,0.25,0.0,0,0.0,0,0,0.0,0,0,0,0,0,0,0,0,0.0
Bijou,0.0,0.0,1.0,1,0,0.0,1,0,0,0.0,0.0,0,0,0.33,0.0,0,0.0,0,0,0.0,0,0,0,0.0,0.0,0.0,0,0.0,1.0,0,1.0,0,0,0.0,0,0,0,0,0,0,0,0,0.0
Boxcar,0.0,0.0,1.0,0,0,0.0,1,0,0,0.0,0.0835,0,0,0.0,0.0,0,0.0,0,0,0.0,0,0,0,0.0,0.0,0.0,0,0.0,0.0,0,1.5,0,1,0.0,0,0,0,0,0,0,0,0,0.0
Big Red,0.0,0.0,0.0,0,0,0.0,0,0,1,0.0,0.0,0,0,0.0,0.0,0,0.5,1,0,0.0,0,0,0,0.0,0.0,0.0,0,0.0,0.0,0,0.0,0,0,0.0,0,0,0,0,0,0,0,0,0.0
Bellini,0.0,0.0,1.0,0,0,0.0,0,0,0,0.0,0.0,0,0,0.0,0.0,0,0.0,0,0,0.0,0,0,0,6.0,0.0,0.0,0,0.0,0.0,0,0.0,0,0,0.0,0,1,0,0,0,0,0,0,0.0
Bramble,0.0,0.0,0.5072099999999999,0,0,0.0,0,0,0,0.0,0.33814,0,0,0.0,0.0,0,0.0,0,0,0.0,1,0,0,0.0,0.0,0.0,0,0.0,0.0,0,4.0,0,0,0.0,0,0,0,0,0,0,0,0,0.0
Balmoral,0.0,0.0,0.0,1,0,0.0,0,0,0,0.0,0.0,0,0,0.66,0.0,0,1.5,0,0,0.0,0,0,0,0.0,0.0,0.0,0,0.0,1.0,0,0.0,0,0,0.0,0,0,0,0,0,0,0,0,0.0
Bluebird,0.0,0.0,0.5,0,0,0.0,1,0,0,0.0,0.0,0,0,0.66,0.0,0,0.0,0,0,0.0,0,0,0,0.0,0.0,0.0,0,0.0,0.0,0,1.5,0,0,0.0,0,0,0,0,0,0,0,0,0.0
Brooklyn,0.0,0.0,0.04175,1,0,0.0,0,0,0,0.0,0.0,0,0,0.99,0.0,0,2.0,0,0,0.0,0,0,0,0.0,0.0,0.0,0,0.0,1.0,0,0.0,0,0,0.0,0,0,0,0,0,0,0,0,0.0
Boomerang,0.0,0.0,0.0835,1,0,0.0,0,0,0,0.0,0.0,0,0,0.66,0.0,0,0.0,0,0,0.0,0,0,0,0.0,0.0,0.0,0,0.0,0.5,0,2.0,0,0,0.0,0,0,0,0,0,0,0,0,0.0
Bora Bora,0.0,0.0,0.0,0,0,0.0,0,0,0,0.0,0.167,0,0,0.0,0.0,0,0.0,0,0,0.0,0,0,0,0.0,0.0,0.0,0,0.0,0.0,1,0.0,0,1,0.0,0,0,0,0,0,0,0,0,0.0
Barracuda,4.5,0.0,1.5,1,0,0.0,0,0,0,0.0,0.0,0,0,0.0,0.0,0,0.0,0,0,0.0,0,0,0,0.33814,0.0,0.0,0,0.0,0.0,1,0.0,0,0,0.0,0,0,0,0,0,0,0,0,0.0
Buccaneer,0.0,0.0,0.0,0,0,0.0,1,0,0,1.0,0.0,0,0,0.0,0.0,0,0.0,0,0,12.0,0,0,0,0.0,0.0,0.0,0,0.0,0.0,0,0.0,0,0,0.0,0,0,0,0,0,0,0,0,0.0
Brigadier,0.0,0.0,1.0,1,0,0.0,0,0,0,1.0,0.0,0,0,0.0,0.0,0,0.0,0,1,0.0,0,0,0,0.0,0.0,0.0,0,0.0,0.0,0,0.0,0,0,0.0,0,0,0,0,0,0,0,0,0.0
Broadside,1.0,0.0,0.0,1,0,0.0,0,0,0,0.0,0.0,0,0,0.99,0.0,0,0.5,0,0,0.0,0,0,0,0.0,0.0,0.0,0,0.0,0.0,0,0.0,0,0,0.0,0,0,0,0,0,0,0,0,0.0
Blackthorn,0.0,0.0,0.0,1,0,0.0,0,0,0,0.0,0.0,0,0,0.0,0.0,0,0.0,0,0,0.0,1,0,0,0.0,0.0,0.0,0,0.0,1.0,0,1.5,0,0,0.0,0,0,0,0,0,0,0,0,0.0
Bob Marley,0.0,0.0,1.0,1,0,0.0,0,0,1,0.0,0.0,0,0,0.0,0.0,0,0.5,0,0,0.0,0,0,0,0.0,0.0,0.0,0,0.0,0.0,1,0.0,0,0,0.0,0,0,0,0,0,0,0,0,0.0
Bubble Gum,0.0,0.0,0.5,0,0,0.25,1,0,0,0.0,0.0,0,0,0.0,0.0,0,0.0,0,0,0.0,0,0,0,0.0,0.0,0.0,0,0.0,0.0,0,0.0,0,0,0.0,0,1,0,0,0,0,0,0,0.0
Bible Belt,0.0,0.0,0.5,0,0,0.0,1,0,1,0.0,2.0,0,0,0.0,0.0,0,2.0,0,0,0.0,0,0,0,0.0,0.0,0.0,0,0.0,0.0,0,0.0,0,0,0.0,0,0,0,0,0,0,0,0,0.0
Brain Fart,1.0,5.0,0.0,0,0,1.034,1,0,0,0.0,0.0,0,0,0.0,0.0,0,0.0,0,0,0.0,0,0,0,0.0,0.0,0.0,0,0.0,0.0,0,0.0,0,0,0.0,0,0,0,0,0,0,0,0,0.0
Bloody Mary,0.0,0.0,0.0,0,0,1.5,0,0,1,0.0,0.0,0,0,0.0,0.0,0,0.0,0,0,0.0,0,0,1,0.0,0.0,0.0,0,0.0,0.0,0,0.0,0,0,0.0,0,0,0,0,0,1,1,0,0.0
Blue Lagoon,0.0,0.0,0.0,0,0,1.0,1,0,0,0.0,0.0,0,0,0.0,0.0,0,0.0,0,0,0.0,0,0,0,0.0,0.0,0.0,0,0.0,0.0,0,0.0,0,0,0.0,0,0,0,0,0,0,0,0,0.0
Boston Sour,0.0,0.0,0.0,0,0,0.0,0,0,0,0.0,0.167,0,0,0.0,0.0,0,2.0,0,0,0.0,0,0,0,0.0,0.0,0.0,0,0.0,0.0,0,0.0,0,0,0.0,0,0,0,0,0,0,0,0,0.0
Brandy Flip,0.0,0.0,0.0,0,0,0.0,0,0,1,2.0,0.167,0,0,0.0,0.0,0,0.0,1,0,0.0,0,0,0,0.0,0.0,0.0,0,0.0,0.0,0,0.0,0,0,0.0,0,0,0,0,0,0,0,0,0.0
Casino,0.0,0.0,0.04175,0,0,0.0,1,0,0,0.0,0.0,0,0,0.66,0.0,0,0.0,0,0,0.0,0,0,0,0.0,0.0,0.0,0,0.0,0.0,0,2.0,0,0,0.0,0,0,0,0,0,0,0,0,0.0
Caipirinha,0.0,0.0,2.5,0,0,0.0,0,0,0,0.0,2.834,0,0,0.0,0.0,0,0.0,0,0,0.0,0,0,0,0.0,0.0,0.0,0,0.0,0.0,0,0.0,0,0,0.0,0,0,0,0,0,0,0,0,0.0
Cherry Rum,1.25,0.0,0.0,0,0,0.0,0,0,0,1.5,0.0,0,0,0.0,0.0,0,0.0,1,0,0.0,0,0,0,0.0,0.0,0.0,0,0.0,0.0,0,0.0,0,0,0.0,0,0,0,0,0,0,0,0,0.0
Cuba Libre,2.0,0.0,0.0,0,0,0.0,0,0,0,0.0,0.0,0,0,0.0,0.0,0,0.0,0,0,0.0,0,0,0,0.0,0.0,0.0,0,0.0,0.0,0,0.0,0,0,0.0,0,0,0,0,0,0,0,0,0.0
Cuba Libra,1.5,0.0,0.0,0,0,0.0,0,0,0,0.0,0.0,0,0,0.0,0.0,0,0.0,0,0,0.0,0,0,0,0.0,1.0,0.0,0,0.0,0.0,0,0.0,0,0,0.0,0,0,0,0,0,0,0,0,0.0
Cafe Savoy,0.0,0.0,0.5,0,0,0.0,1,0,0,0.0,0.0,0,0,0.0,0.0,0,0.0,0,0,0.0,0,0,0,0.0,0.0,4.0,0,0.0,0.0,0,0.0,0,0,0.0,0,0,0,0,0,0,0,0,0.0
Cream Soda,1.0,0.0,0.0,0,0,0.0,0,0,1,0.0,0.0,0,0,0.0,0.0,0,0.0,0,0,0.0,0,0,0,0.0,0.0,0.0,0,0.0,0.0,0,0.0,0,0,0.0,0,0,0,0,0,0,0,0,0.0
Corn n Oil,2.333333333333333,0.0,0.0,0,0,0.0,0,0,0,0.0,0.0,0,0,0.66,0.0,0,0.0,0,0,0.0,0,0,0,0.0,0.0,0.0,0,0.0,0.0,0,0.0,0,0,0.0,0,0,0,0,0,0,0,0,0.0
Casa Blanca,2.0,0.0,1.7505,0,0,0.0,1,0,0,0.0,0.0,0,0,0.0,0.0,0,0.0,0,0,0.0,0,0,0,0.0,0.0,0.0,0,0.0,0.0,0,0.0,0,0,0.0,0,0,0,0,0,0,0,0,0.0
Clover Club,0.0,0.0,0.0,0,0,0.0,0,0,0,0.0,0.334,0,0,0.0,0.0,0,0.0,0,0,0.0,0,0,0,0.0,0.0,0.0,0,0.0,0.0,0,1.5,0,1,0.0,0,0,0,0,0,0,0,0,0.0
Citrus Coke,0.0,0.0,0.0,0,0,0.0,1,0,0,1.0,0.0,0,0,0.0,0.0,0,0.0,0,0,0.0,0,0,0,0.0,2.0,0.0,0,0.0,0.0,0,0.0,0,0,0.0,0,0,0,0,0,0,0,0,0.0
Chicago Fizz,1.0,0.0,0.0,0,0,0.0,0,0,0,0.0,0.167,0,0,0.0,0.0,0,0.0,0,0,0.0,0,0,0,0.0,0.0,0.0,0,0.0,1.0,0,0.0,0,0,0.0,0,0,0,0,0,0,0,0,0.0
City Slicker,0.0,0.0,0.5,0,0,0.0,1,0,0,2.0,0.0,0,0,0.0,0.0,0,0.0,0,0,0.0,0,0,0,0.0,0.0,0.0,0,0.0,0.0,0,0.0,0,0,0.0,0,0,0,0,0,0,0,0,0.0
Coffee-Vodka,0.0,0.0,0.0,0,0,1.5,0,0,0,0.0,0.334,0,0,0.0,0.0,0,0.0,0,0,0.0,0,0,0,0.0,0.0,0.0,0,0.5,0.0,0,0.0,0,0,0.0,0,0,0,0,0,0,0,1,0.0
Caipirissima,0.84535,0.0,0.0,0,0,0.0,0,0,0,0.0,0.334,0,0,0.0,0.0,0,0.0,0,0,0.0,0,0,0,0.0,0.0,0.0,0,0.0,0.0,0,0.0,0,0,0.0,0,0,0,0,0,0,0,0,0.0
Campari Beer,0.0,0.0,0.0,0,0,0.0,0,0,0,0.0,0.0,0,0,0.0,1.5,0,0.0,0,0,16.0,0,0,0,0.0,0.0,0.0,0,0.0,0.0,0,0.0,0,0,0.0,0,0,0,0,0,0,0,0,0.0
Cosmopolitan,0.0,0.0,0.25,0,0,1.25,1,0,0,0.0,0.0,0,0,0.0,0.0,0,0.0,0,0,0.0,1,0,0,0.0,0.0,0.0,0,0.0,0.0,0,0.0,0,0,0.0,0,0,0,0,0,0,0,0,0.0
Casino Royale,0.0,0.0,0.167,0,0,0.0,1,0,0,0.0,0.0,0,0,0.33,0.0,0,0.0,0,0,0.0,0,0,0,0.0,0.0,0.0,0,0.0,0.0,0,2.0,0,0,0.0,0,0,0,0,0,0,0,0,0.0
Clove Cocktail,0.0,0.0,0.0,1,0,0.0,0,0,0,0.0,0.0,0,0,0.0,0.0,0,0.0,0,0,0.0,1,0,0,0.0,0.0,0.0,0,0.0,1.5,0,0.5,0,0,0.0,0,0,0,0,0,0,0,0,0.0
Coffee Liqueur,0.0,0.0,0.0,0,0,1.0,0,0,0,0.0,0.41750000000000004,0,0,0.0,0.0,0,0.0,0,0,0.0,0,0,0,0.0,0.0,0.0,0,10.0,0.0,0,0.0,0,0,0.0,0,0,0,0,0,0,0,1,0.0
Chocolate Milk,0.0,0.0,0.75,0,0,0.0,0,0,0,0.0,0.0,0,1,0.0,0.0,0,0.0,0,1,0.0,0,0,0,0.0,0.0,4.0,0,0.0,0.0,0,0.0,0,0,0.0,0,0,0,0,0,0,0,0,0.0
Coke and Drops,0.0,0.0,0.0,0,0,0.0,0,0,0,0.0,0.0,0,0,0.0,0.0,0,0.0,0,0,0.0,0,0,0,0.0,1.0,0.0,0,0.0,0.0,0,0.0,0,0,0.0,0,0,0,0,0,0,0,0,0.0
Chocolate Drink,0.0,0.0,0.0,0,0,0.0,0,0,0,0.0,0.0,0,0,0.0,0.0,0,0.0,0,1,0.0,0,0,0,0.0,0.0,6.0,0,0.0,0.0,0,0.0,0,0,0.0,0,0,0,0,0,0,0,0,0.0
Creme de Menthe,0.0,0.0,1.0,0,0,0.0,0,0,0,0.0,1.336,0,0,0.0,0.0,0,0.0,0,0,0.0,0,0,0,0.0,0.0,0.0,0,0.0,0.0,0,0.0,0,0,0.0,0,0,0,0,0,0,0,1,0.0
Cranberry Punch,0.0,0.0,0.0,0,0,0.0,0,0,0,0.0,0.2505,0,1,0.0,0.0,0,0.0,0,0,0.0,1,0,0,0.0,0.0,0.0,0,0.0,0.0,1,0.0,0,0,0.0,0,0,0,0,0,0,0,0,0.0
Derby,0.0,0.0,0.0,0,0,0.0,0,0,0,0.0,0.0,0,0,0.66,0.0,0,0.0,0,0,0.0,0,0,0,0.0,0.0,0.0,0,0.0,0.0,0,6.0,0,0,0.0,0,1,0,0,0,0,0,0,0.0
Diesel,0.0,0.0,0.0,0,0,0.0,0,1,0,0.0,0.0,0,0,0.0,0.0,1,0.0,0,0,16.0,0,0,0,0.0,0.0,0.0,0,0.0,0.0,0,0.0,0,0,0.0,0,0,0,0,0,0,0,0,0.0
Daiquiri,1.5,0.0,0.0,0,0,0.0,0,0,0,0.0,0.167,0,0,0.0,0.0,0,0.0,0,0,0.0,0,0,0,0.0,0.0,0.0,0,0.0,0.0,0,0.0,0,0,0.0,0,0,0,0,0,0,0,0,0.0
Danbooka,0.0,0.0,0.0,0,0,0.034,0,0,0,0.0,0.0,0,0,0.0,0.0,0,0.0,0,0,0.0,0,0,0,0.0,0.0,0.0,0,3.0,0.0,0,0.0,0,0,0.0,0,0,0,0,0,0,0,0,0.0
Dragonfly,0.0,0.0,0.0,0,0,0.0,0,0,0,0.0,0.0,0,0,0.0,0.0,0,0.0,0,0,0.0,0,0,0,0.0,0.0,0.0,0,0.0,0.0,0,1.5,0,0,0.0,0,0,0,0,0,0,0,0,0.0
Downshift,1.0,1.0,2.0,0,0,0.0,0,0,0,0.0,0.0,0,0,0.0,0.0,0,0.0,0,0,0.0,0,0,0,0.0,0.0,0.0,0,0.0,0.0,1,0.0,0,0,2.0,0,0,0,0,0,0,0,0,0.0
Dry Rob Roy,0.0,0.0,0.0,1,0,0.0,0,0,0,0.0,0.0,0,0,0.0,0.0,0,2.5,0,0,0.0,0,0,0,0.0,0.0,0.0,0,0.0,1.5,0,0.0,0,0,0.0,0,0,0,0,0,0,0,0,0.0
Dry Martini,0.0,0.0,0.0,1,0,0.0,0,0,0,0.0,0.0,0,0,0.0,0.0,0,0.0,0,0,0.0,0,0,0,0.0,0.0,0.0,0,0.0,0.3333333333333333,0,1.6666666666666663,0,0,0.0,0,0,0,0,0,0,0,0,0.0
Dirty Nipple,0.0,0.0,0.0,0,0,0.0,0,0,0,0.0,0.0,0,0,0.0,0.0,0,0.0,0,0,0.0,0,0,0,0.0,0.0,0.0,0,0.0,0.0,0,0.0,0,0,0.0,0,0,0,0,0,0,0,0,0.0
Dirty Martini,0.0,0.0,0.0,1,0,70.0,0,0,0,0.0,0.0,0,0,0.0,0.0,0,0.0,0,0,0.0,0,0,1,0.0,0.0,0.0,0,0.0,1.0,0,0.0,0,0,0.0,0,0,0,0,0,0,0,0,0.0
Darkwood Sling,0.0,1.0,0.0,0,0,0.0,1,0,0,1.0,0.0,0,0,0.0,0.0,0,0.0,0,0,0.0,0,0,0,0.0,0.0,0.0,0,0.0,0.0,0,0.0,0,0,0.0,0,0,0,0,0,0,0,0,0.0
Dark Caipirinha,0.0,0.0,2.5,0,0,0.0,0,0,0,0.0,2.834,0,0,0.0,0.0,0,0.0,0,0,0.0,0,0,0,0.0,0.0,0.0,0,0.0,0.0,0,0.0,0,0,0.0,0,0,0,0,0,0,0,0,0.0
Duchamp's Punch,0.0,0.0,0.5072099999999999,1,0,0.0,0,0,1,5.0,1.35256,0,0,0.66,0.0,0,0.0,0,0,0.0,0,0,0,0.0,0.0,0.0,0,0.0,0.0,1,0.0,0,0,0.0,0,0,0,0,0,0,0,0,0.0
Dark and Stormy,5.0,0.0,0.0,0,0,0.0,0,0,0,0.0,0.0,0,0,0.0,0.0,0,0.0,0,0,3.3814,0,0,0,0.0,0.0,0.0,0,0.0,0.0,0,0.0,0,0,0.0,0,0,0,0,0,0,0,0,0.0
Damned if you do,0.0,0.0,0.0,0,0,0.0,0,0,0,0.375,0.0,0,0,0.0,0.0,0,0.75,0,0,0.0,0,0,0,0.0,0.0,0.0,0,0.0,0.0,0,0.0,0,0,0.0,0,0,0,0,0,0,0,0,0.0
Dubonnet Cocktail,0.0,0.0,0.0,1,0,0.0,0,0,0,0.0,0.0,0,0,0.33,1.5,0,0.0,0,0,0.0,0,0,0,0.0,0.0,0.0,0,0.0,1.5,0,0.75,0,0,0.0,0,0,0,0,0,0,0,0,0.0
Drinking Chocolate,0.0,0.0,0.0,0,0,0.0,0,0,0,0.0,0.0,0,0,0.0,0.0,0,0.0,1,1,0.0,0,0,0,0.0,0.0,56.0,0,0.0,0.0,0,0.0,0,0,0.0,0,0,0,0,0,0,0,0,0.0
Egg Cream,0.0,6.0,0.0,0,0,0.0,0,0,0,0.0,1.0,0,0,0.0,0.0,0,0.0,0,1,0.0,0,0,0,0.0,0.0,48.0,0,0.0,0.0,0,0.0,0,0,0.0,0,0,0,0,0,0,0,0,0.0
Egg Nog #4,0.5,0.0,0.0,0,0,0.0,0,0,1,0.0,0.04175,0,0,0.0,0.0,0,0.5,1,0,0.0,0,0,1,0.0,0.0,16.0,0,0.0,0.0,0,0.0,0,0,0.0,0,0,0,0,0,0,0,0,0.0
English Highball,0.0,0.0,0.0,1,0,0.0,0,0,0,0.75,0.0,0,0,0.0,0.0,0,0.0,0,0,0.0,0,0,0,0.0,0.0,0.0,0,0.0,0.75,0,0.75,0,0,0.0,0,0,0,0,0,0,0,0,0.0
Espresso Martini,1.0,0.0,0.0,0,0,5.0,0,0,0,0.0,0.33814,0,0,0.0,0.0,0,0.0,0,0,0.0,0,0,0,0.0,0.0,0.0,0,1.0,0.0,0,0.0,0,0,0.0,0,0,0,0,0,0,0,0,0.0
Espresso Rumtini,1.0,0.0,0.0,0,0,0.0,0,0,0,0.0,0.75,0,0,0.0,0.0,0,0.0,0,0,0.0,0,0,0,0.0,0.0,0.0,0,2.5,0.0,0,0.0,0,0,0.0,0,0,0,0,0,0,0,0,0.0
Egg Nog - Healthy,1.0,0.0,0.0,0,0,0.0,0,0,1,0.0,0.501,0,0,0.0,0.0,0,0.0,0,0,0.0,0,0,0,0.0,0.0,8.171,0,0.0,0.0,0,0.0,0,0,0.0,0,0,0,0,0,0,0,0,0.0
English Rose Cocktail,0.0,0.0,0.0,1,0,0.0,0,0,0,0.75,0.167,0,0,0.0,0.0,0,0.0,0,0,0.0,0,0,0,0.0,0.0,0.0,0,0.0,0.75,0,1.5,0,1,0.0,0,0,0,0,0,0,0,0,0.0
Egg-Nog - Classic Cooked,0.0,0.0,0.0,0,0,0.0,0,0,0,0.0,0.04175,0,0,0.0,0.0,0,0.0,0,0,0.0,0,0,1,0.0,0.0,8.0,0,0.0,0.0,0,0.0,0,0,0.0,0,0,0,0,0,0,0,0,0.0
Empellón Cocina's Fat-Washed Mezcal,0.0,0.0,1.625,0,0,0.0,0,0,0,0.0,0.0,1,0,0.0,0.0,0,0.0,0,1,0.0,0,0,0,0.0,0.0,0.0,0,0.5,0.0,0,0.0,0,0,2.0,0,0,0,0,0,0,0,0,0.0
Frappé,0.0,0.0,0.0,0,0,0.0,0,0,0,0.0,0.2505,0,0,0.0,0.0,0,0.0,0,0,0.0,0,0,0,0.0,0.0,4.0,0,0.5,0.0,0,0.0,0,0,0.0,0,0,0,0,0,0,0,0,0.0
Foxy Lady,0.0,0.0,0.5,0,0,0.0,0,0,0,0.0,0.0,0,1,0.0,0.0,0,0.0,1,1,0.0,0,0,0,0.0,0.0,0.0,0,0.0,0.0,0,0.0,0,0,0.0,0,0,0,0,0,0,0,0,0.0
French 75,0.0,0.0,0.0,0,0,0.0,1,0,0,0.0,0.334,0,0,0.0,0.0,0,0.0,0,0,0.0,0,0,0,4.0,0.0,0.0,0,0.0,0.0,0,1.5,0,0,0.0,0,0,0,0,0,0,0,0,0.0
"French ""75""",0.0,0.0,0.0,0,0,0.0,1,0,0,0.0,0.334,0,0,0.0,0.0,0,0.0,0,0,0.0,0,0,0,4.0,0.0,0.0,0,0.0,0.0,0,1.5,0,0,0.0,0,0,0,0,0,0,0,0,0.0
Frisco Sour,0.0,0.0,0.5,1,0,0.0,0,0,0,0.0,0.0,0,0,0.0,0.0,0,2.0,0,0,0.0,0,0,0,0.0,0.0,0.0,0,0.0,0.0,0,0.0,0,0,0.0,0,0,0,0,0,0,0,0,0.0
Fruit Shake,0.0,0.0,0.0,0,0,0.0,1,0,0,0.0,0.0,0,0,0.0,0.0,0,0.0,0,0,0.0,0,0,0,0.0,0.0,0.0,0,0.0,0.0,1,0.0,0,0,0.0,0,0,0,0,0,0,0,0,8.0
Fruit Cooler,0.0,1.0,0.0,0,0,0.0,0,0,0,0.0,0.334,0,0,0.0,0.0,1,0.0,0,0,0.0,1,0,0,0.0,0.0,0.0,0,0.0,0.0,0,0.0,0,0,0.0,0,0,0,0,0,0,0,0,0.0
Freddy Kruger,0.0,0.0,1.0,1,1,0.5,0,0,1,0.0,0.0,0,0,0.0,0.0,0,0.0,0,0,0.0,0,0,0,0.0,0.0,0.0,0,0.0,0.0,0,0.0,0,0,0.0,0,0,0,0,0,0,0,0,0.0
Fuzzy Asshole,0.0,0.0,0.5,0,0,0.0,0,0,0,0.0,0.0,0,0,0.0,0.0,0,0.0,0,0,0.0,0,0,0,0.0,0.0,0.0,0,0.5,0.0,0,0.0,0,0,0.0,0,1,0,0,0,0,0,0,0.0
French Martini,0.0,0.0,0.5072099999999999,0,0,4.5,0,0,0,0.0,0.0,0,0,0.0,0.0,0,0.0,0,0,0.0,1,0,0,0.0,0.0,0.0,0,0.0,0.0,1,0.0,0,0,0.0,0,0,0,0,0,0,0,0,0.0
French Negroni,0.0,0.0,0.0,1,0,0.0,1,0,0,0.0,1.0,0,0,0.0,0.0,0,0.0,0,0,0.0,0,0,0,0.0,0.0,0.0,0,0.0,2.0,0,1.0,0,0,0.0,0,0,0,0,0,0,0,0,0.0
Flying Dutchman,0.0,0.0,0.5,0,0,0.0,1,0,0,0.0,0.0,0,0,0.0,0.0,0,0.0,0,0,0.0,0,0,0,0.0,0.0,0.0,0,0.0,0.0,0,2.0,0,0,0.0,0,0,0,0,0,0,0,0,0.0
Frozen Daiquiri,1.5,0.0,1.0,0,0,0.0,1,0,0,0.0,0.167,0,0,0.0,0.0,0,0.0,0,0,0.0,0,0,0,0.0,0.0,0.0,0,0.0,0.0,0,0.0,0,0,0.0,0,0,0,0,0,0,0,0,0.0
Fruit Flip-Flop,0.0,0.0,0.0,0,0,0.0,0,0,0,0.0,0.0,0,0,0.0,0.0,0,0.0,0,0,0.0,0,0,0,0.0,0.0,0.0,0,0.0,0.0,1,0.0,0,0,0.0,0,0,0,0,0,0,0,0,8.0
Fahrenheit 5000,0.0,0.0,0.0,0,0,0.5,0,0,1,0.0,0.0,0,0,0.0,0.0,0,0.5,0,0,0.0,0,0,1,0.0,0.0,0.0,0,0.0,0.0,0,0.0,0,0,0.0,0,0,0,0,0,1,0,0,0.0
Flying Scotchman,0.0,0.0,0.0,1,0,0.0,0,0,0,0.0,0.084535,0,0,0.33,0.0,0,1.0,0,0,0.0,0,0,0,0.0,0.0,0.0,0,0.0,1.0,0,0.0,0,0,0.0,0,0,0,0,0,0,0,0,0.0
French Connection,0.0,0.0,0.0,0,0,0.0,0,0,0,1.5,0.0,0,1,0.0,0.0,0,0.0,0,0,0.0,0,0,0,0.0,0.0,0.0,0,0.0,0.0,0,0.0,0,0,0.0,0,0,0,0,0,0,0,0,0.0
Flaming Dr. Pepper,1.0,1.0,0.0,0,0,1.0,0,0,0,0.0,0.0,0,1,0.0,0.0,0,0.0,0,0,1.0,0,0,0,0.0,0.0,0.0,0,0.0,0.0,0,0.0,0,0,0.0,0,0,0,0,0,0,0,0,0.0
Flander's Flake-Out,0.0,0.0,0.25,1,1,0.0,0,0,0,0.0,0.0,0,0,0.0,0.0,0,0.0,0,0,0.0,0,0,0,0.0,0.0,0.0,0,0.0,0.0,0,0.0,0,0,0.0,0,0,0,0,0,0,0,0,0.0
Flaming Lamborghini,1.0,0.0,1.0,0,1,0.0,1,0,0,0.0,0.0,0,0,0.0,0.0,0,1.0,1,1,0.0,0,0,0,0.0,0.0,0.0,0,1.0,0.0,0,0.0,0,0,0.0,0,0,0,0,0,0,0,0,0.0
Frozen Mint Daiquiri,2.0,0.0,0.0,0,0,0.0,0,0,0,0.0,0.167,0,0,0.0,0.0,0,0.0,0,0,0.0,0,0,0,0.0,0.0,0.0,0,0.0,0.0,0,0.0,0,0,0.0,0,0,0,0,0,0,0,0,0.0
Frozen Pineapple Daiquiri,1.5,0.0,0.0,0,0,0.0,0,0,0,0.0,0.0835,0,0,0.0,0.0,0,0.0,0,0,0.0,0,0,0,0.0,0.0,0.0,0,0.0,0.0,1,0.0,0,0,0.0,0,0,0,0,0,0,0,0,0.0
GG,0.0,0.0,2.5,1,0,0.0,0,0,0,0.0,0.0,0,0,0.0,0.0,0,0.0,0,0,0.0,0,0,0,0.0,0.0,0.0,0,0.0,0.0,0,0.0,0,0,0.0,0,0,0,0,0,0,0,0,0.0
Gimlet,0.0,0.0,0.0,0,0,0.0,0,0,0,0.0,0.16907,0,0,0.0,0.0,0,0.0,0,0,0.0,0,0,0,0.0,0.0,0.0,0,0.0,0.0,0,2.5,0,0,0.0,0,0,0,0,0,0,0,0,0.0
Gin Fizz,0.0,0.0,0.0,0,0,0.0,0,0,0,0.0,0.167,0,0,0.0,0.0,0,0.0,0,0,0.0,0,0,0,0.0,0.0,0.0,0,0.0,0.0,0,2.0,0,0,0.0,0,0,0,0,0,0,0,0,0.0
Gin Sour,0.0,0.0,0.0,0,0,0.0,1,0,0,0.0,0.0835,0,0,0.0,0.0,0,0.0,0,0,0.0,0,0,0,0.0,0.0,0.0,0,0.0,0.0,0,2.0,0,0,0.0,0,0,0,0,0,0,0,0,0.0
Godchild,0.0,0.0,0.0,0,0,1.0,0,0,0,0.0,0.0,0,1,0.0,0.0,0,0.0,1,0,0.0,0,0,0,0.0,0.0,0.0,0,0.0,0.0,0,0.0,0,0,0.0,0,0,0,0,0,0,0,0,0.0
Gin Daisy,0.0,0.0,0.0,0,0,0.0,1,0,0,0.0,0.167,0,0,0.0,0.0,0,0.0,0,0,0.0,0,0,0,0.0,0.0,0.0,0,0.0,0.0,0,2.0,0,1,0.0,0,0,0,0,0,0,0,0,0.0
Gin Sling,0.0,0.0,0.0,0,0,0.0,1,0,0,0.0,0.167,0,0,0.0,0.0,0,0.0,0,0,0.0,0,0,0,0.0,0.0,0.0,0,0.0,0.0,0,2.0,0,0,0.0,0,0,0,0,0,0,0,1,0.0
Gin Smash,0.0,1.0,0.0,0,0,0.0,1,0,0,0.0,0.167,0,0,0.0,0.0,0,0.0,0,0,0.0,0,0,0,0.0,0.0,0.0,0,0.0,0.0,0,2.0,0,0,0.0,0,0,0,0,0,0,0,0,0.0
Gin Toddy,0.0,0.0,0.0,0,0,0.0,0,0,0,0.0,0.0835,0,0,0.0,0.0,0,0.0,0,0,0.0,0,0,0,0.0,0.0,0.0,0,0.0,0.0,0,2.0,0,0,0.0,0,0,0,0,0,0,0,1,0.0
Godfather,0.0,0.0,0.0,0,0,0.0,0,0,0,0.0,0.0,0,1,0.0,0.0,0,1.5,0,0,0.0,0,0,0,0.0,0.0,0.0,0,0.0,0.0,0,0.0,0,0,0.0,0,0,0,0,0,0,0,0,0.0
Godmother,0.0,0.0,0.0,0,0,1.5,0,0,0,0.0,0.0,0,1,0.0,0.0,0,0.0,0,0,0.0,0,0,0,0.0,0.0,0.0,0,0.0,0.0,0,0.0,0,0,0.0,0,0,0,0,0,0,0,0,0.0
Gagliardo,0.0,0.0,1.0,1,0,5.0,0,0,0,0.0,1.0,0,0,0.0,0.0,0,0.0,0,0,0.0,0,0,0,0.0,0.0,0.0,0,0.0,0.0,0,0.0,0,0,0.0,0,1,0,0,1,0,0,0,0.0
Gluehwein,0.0,0.0,0.0,0,0,0.0,0,0,1,0.0,10.020000000000001,0,0,0.0,0.0,0,0.0,0,0,0.0,0,0,0,0.0,0.0,0.0,0,0.0,12.0,0,0.0,0,0,0.0,0,0,0,0,0,0,0,1,0.0
Greyhound,0.0,0.0,0.0,0,0,1.5,0,0,0,0.0,0.0,0,0,0.0,0.0,0,0.0,0,0,0.0,0,0,0,0.0,0.0,0.0,0,0.0,0.0,0,0.0,1,0,0.0,0,0,0,0,0,0,0,0,0.0
Gin Cooler,0.0,0.0,0.0,0,0,0.0,0,0,0,0.0,0.0,0,0,0.0,0.0,0,0.0,0,0,0.0,0,0,0,0.0,0.0,0.0,0,0.0,0.0,0,2.0,0,0,0.0,0,0,0,0,0,0,0,0,0.0
Gin Squirt,0.0,0.0,0.0,0,0,0.0,0,0,0,0.0,0.334,0,0,0.0,0.0,0,0.0,0,0,0.0,1,0,0,0.0,0.0,0.0,0,0.0,0.0,1,1.5,0,1,0.0,0,0,0,0,0,0,0,0,0.0
Grand Blue,1.5,0.0,1.5,0,0,0.0,1,0,0,0.0,3.0,0,0,0.0,0.0,0,0.0,0,0,0.0,0,0,0,0.0,0.0,0.0,1,0.0,0.0,0,0.0,0,0,0.0,0,1,0,0,0,0,0,0,0.0
Gin Rickey,0.0,1.0,0.0,0,0,0.0,0,0,0,0.0,0.167,0,0,0.0,0.0,0,0.0,0,0,0.0,0,0,0,0.0,0.0,0.0,0,0.0,0.0,0,2.0,0,1,0.0,0,0,0,0,0,0,0,0,0.0
Gin Swizzle,0.0,3.0,0.0,0,0,0.0,0,0,0,0.0,0.167,0,0,0.33,0.0,0,0.0,0,0,0.0,0,0,0,0.0,0.0,0.0,0,0.0,0.0,0,2.0,0,0,0.0,0,0,0,0,0,0,0,0,0.0
Grass Skirt,0.0,0.0,1.0,0,0,0.0,1,0,0,0.0,0.0835,0,0,0.0,0.0,0,0.0,0,0,0.0,0,0,0,0.0,0.0,0.0,0,0.0,0.0,1,1.5,0,1,0.0,0,0,0,0,0,0,0,0,0.0
Grim Reaper,2.0,0.0,0.0,0,0,0.0,0,0,0,0.0,0.167,0,0,0.0,0.0,0,0.0,0,0,0.0,0,0,0,0.0,0.0,0.0,0,1.0,0.0,0,0.0,0,1,0.0,0,0,0,0,0,0,0,0,0.0
Grasshopper,0.0,0.0,1.5,0,0,0.0,0,0,0,0.0,0.75,0,0,0.0,0.0,0,0.0,1,1,0.0,0,0,0,0.0,0.0,0.0,0,0.0,0.0,0,0.0,0,0,0.0,0,0,0,0,0,0,0,0,0.0
Grizzly Bear,1.0,0.0,1.0,1,0,0.0,0,0,1,0.0,0.0,0,1,0.0,0.0,0,0.0,0,0,0.0,0,0,0,0.0,0.0,20.0,0,1.0,0.0,0,0.0,0,0,0.0,0,0,0,0,0,0,0,0,0.0
Green Goblin,0.0,0.0,0.0,0,0,0.0,1,0,0,0.0,0.0,0,0,0.0,0.0,1,0.0,0,0,16.0,0,0,0,0.0,0.0,0.0,0,0.0,0.0,0,0.0,0,0,0.0,0,0,0,0,0,0,0,0,0.0
Golden dream,0.0,0.0,4.0,1,0,0.0,1,0,0,0.0,0.0,0,0,0.0,0.0,0,0.0,1,0,0.0,0,0,0,0.0,0.0,0.0,0,0.0,0.0,0,0.0,0,0,0.0,0,0,0,0,0,0,0,0,0.0
H.D.,0.0,0.0,0.0,0,0,0.0,0,0,0,0.0,0.0,0,0,0.0,0.0,0,9.35256,1,1,0.0,0,0,0,0.0,0.0,0.0,0,0.0,0.0,0,0.0,0,0,0.0,0,0,0,0,0,0,0,0,0.0
Honey Bee,2.0288399999999998,0.0,0.0,0,0,0.0,0,0,0,0.0,1.0,0,0,0.0,0.0,0,0.0,0,0,0.0,0,0,0,0.0,0.0,0.0,0,0.0,0.0,0,0.0,0,0,0.0,0,0,0,0,0,0,0,0,0.0
Herbal flame,0.0,0.0,0.0,0,0,0.0,0,0,0,7.5,0.0,0,0,0.0,0.0,0,0.0,0,0,0.0,0,0,0,0.0,0.0,0.0,0,0.0,0.0,0,0.0,0,0,0.0,0,0,0,0,0,0,0,0,0.0
Horse's Neck,0.0,0.0,0.0,0,0,0.0,0,0,0,2.0,0.0,0,0,0.66,0.0,0,0.0,0,0,0.0,0,0,0,0.0,0.0,0.0,0,0.0,0.0,0,0.0,0,0,0.0,0,0,0,0,0,0,0,0,0.0
Happy Skipper,1.5,0.0,0.0,0,0,0.0,0,0,1,0.0,0.0,0,0,0.0,0.0,0,0.0,0,0,0.0,0,0,0,0.0,0.0,0.0,0,0.0,0.0,0,0.0,0,0,0.0,0,0,0,0,0,0,0,0,0.0
Hunter's Moon,0.0,0.0,0.0,1,0,0.0,0,0,0,0.0,103.3814,0,0,0.0,0.0,0,0.0,0,0,0.0,1,0,0,0.0,0.0,0.0,0,0.0,8.4535,0,0.0,0,0,0.0,0,0,0,0,0,0,0,0,0.0
Havana Cocktail,1.0,0.0,0.0,0,0,0.0,0,0,0,0.0,0.0,0,0,0.0,0.0,0,0.0,0,0,0.0,0,0,0,0.0,0.0,0.0,0,0.0,0.0,1,0.0,0,0,0.0,0,0,0,0,0,0,0,0,0.0
Holloween Punch,0.0,1.0,0.0,0,0,0.0,0,0,0,0.0,0.0,0,0,0.0,0.0,0,0.0,0,0,0.0,0,0,0,0.0,0.0,0.0,0,0.0,0.0,0,0.0,0,0,0.0,0,0,0,0,0,0,0,0,0.0
Hot Creamy Bush,0.0,0.0,0.0,0,0,0.0,0,0,0,0.0,0.0,0,0,0.0,0.0,0,1.75,1,1,0.0,0,0,0,0.0,0.0,0.0,0,6.0,0.0,0,0.0,0,0,0.0,0,0,0,0,0,0,0,0,0.0
Homemade Kahlua,0.0,0.0,0.0,0,0,1.0,0,0,0,0.0,8.4175,0,0,0.0,0.0,0,0.0,0,0,0.0,0,0,0,0.0,0.0,0.0,0,1.5,0.0,0,0.0,0,0,0.0,0,0,0,0,0,0,0,1,0.0
Halloween Punch,0.0,0.0,0.0,0,0,20.0,1,0,1,0.0,0.0,0,0,0.0,0.0,0,0.0,0,0,0.0,0,0,0,0.0,0.0,0.0,0,0.0,0.0,0,0.0,0,0,0.0,0,0,1,0,0,0,0,0,0.0
Harvey Wallbanger,0.0,0.0,0.5,1,0,1.0,1,0,0,0.0,0.0,0,0,0.0,0.0,0,0.0,0,0,0.0,0,0,0,0.0,0.0,0.0,0,0.0,0.0,0,0.0,0,0,0.0,0,0,0,0,0,0,0,0,0.0
Hawaiian Cocktail,0.0,0.0,0.5,0,0,0.0,1,0,0,0.0,0.0,0,0,0.0,0.0,0,0.0,0,0,0.0,0,0,0,0.0,0.0,0.0,0,0.0,0.0,1,2.0,0,0,0.0,0,0,0,0,0,0,0,0,0.0
Hemingway Special,12.0,0.0,0.501,0,0,0.0,0,0,0,0.0,0.0,0,0,0.0,0.0,0,0.0,0,0,0.0,0,0,0,0.0,0.0,0.0,0,0.0,0.0,0,0.0,1,0,0.0,0,0,0,0,0,0,0,0,0.0
Highland Fling Cocktail,0.0,0.0,0.0,1,0,0.0,1,0,0,0.0,0.0,0,0,0.66,0.0,0,1.5,0,0,0.0,0,0,0,0.0,0.0,0.0,0,0.0,0.75,0,0.0,0,0,0.0,0,0,0,0,0,0,0,0,0.0
Hot Chocolate to Die for,0.0,0.0,0.0,0,0,0.0,0,0,0,0.0,0.0,0,0,0.0,0.0,0,0.0,1,1,0.0,0,1,0,0.0,0.0,0.0,0,0.0,0.0,0,0.0,0,0,0.0,0,0,0,0,0,0,0,0,0.0
Ipamena,0.0,0.0,0.0,0,0,0.0,0,0,0,0.0,0.334,0,0,0.0,0.0,0,0.0,0,0,0.0,0,0,0,0.0,0.0,0.0,0,0.0,0.0,1,0.0,0,0,0.0,0,0,0,0,0,0,0,0,0.0
Iced Coffee,0.0,0.0,0.0,0,0,0.0,0,0,0,0.0,0.04175,0,0,0.0,0.0,0,0.0,0,0,0.0,0,0,0,0.0,0.0,32.0,0,0.25,0.0,0,0.0,0,0,0.0,0,0,0,0,0,0,0,1,0.0
Irish Cream,0.0,0.0,0.0,0,0,0.0,0,0,0,0.0,3.5,0,0,0.0,0.0,0,1.0,1,1,0.0,0,0,0,0.0,0.0,0.167,1,0.0,0.0,0,0.0,0,0,0.0,0,0,0,0,0,0,0,0,0.0
Ice Pick #1,0.0,0.0,0.0,0,0,1.5,0,0,0,0.0,0.0,0,0,0.0,0.0,0,0.0,0,0,0.0,0,0,0,0.0,0.0,0.0,0,0.0,0.0,0,0.0,0,0,0.0,0,0,0,0,0,0,0,0,0.0
Irish Spring,0.0,0.0,0.0,0,0,0.0,1,0,0,0.5,1.0,0,0,0.0,0.0,0,1.0,0,0,0.0,0,0,0,0.0,0.0,0.0,0,0.0,0.0,0,0.0,0,0,0.0,0,1,0,0,0,0,0,0,0.0
Irish Coffee,0.0,0.0,0.0,0,0,0.0,0,0,0,0.0,0.167,0,0,0.0,0.0,0,1.5,1,0,0.0,0,0,0,0.0,0.0,0.0,0,8.0,0.0,0,0.0,0,0,0.0,0,0,0,0,0,0,0,0,0.0
Imperial Fizz,0.5,0.0,0.0,0,0,0.0,0,0,0,0.0,0.167,0,0,0.0,0.0,0,1.5,0,0,0.0,0,0,0,0.0,0.0,0.0,0,0.0,0.0,0,0.0,0,0,0.0,0,0,0,0,0,0,0,0,0.0
Irish Russian,1.0,0.0,0.0,0,0,1.0,0,0,0,0.0,0.0,0,0,0.0,0.0,0,0.0,0,0,1.0,0,0,0,0.0,1.0,0.0,0,1.0,0.0,0,0.0,0,0,0.0,0,0,0,0,0,0,0,0,0.0
Imperial Cocktail,0.0,0.0,0.0,0,0,0.0,0,0,0,0.0,0.0,0,0,0.0,1.35256,0,0.0,0,0,0.0,0,0,0,0.0,0.0,0.0,0,0.0,0.0,0,2.0,0,0,0.0,0,0,0,0,0,0,0,0,0.0
Iced Coffee Fillip,2.0,0.0,0.0,0,0,0.0,0,0,0,0.0,0.0,0,0,0.0,0.0,0,0.0,0,0,0.0,0,0,0,0.0,0.0,0.0,0,3.0,0.0,0,0.0,0,0,0.0,0,0,0,0,0,0,0,0,0.0
Irish Curdling Cow,0.0,0.0,0.0,0,0,0.75,1,0,0,0.0,0.0,0,0,0.0,0.0,0,1.5,1,1,0.0,0,0,0,0.0,0.0,0.0,0,0.0,0.0,0,0.0,0,0,0.0,0,0,0,0,0,0,0,0,0.0
Jitterbug,0.0,1.0,0.0,0,0,1.0,0,0,0,0.0,1.68242,0,0,0.0,0.0,0,0.0,0,0,0.0,0,0,0,0.0,0.0,0.0,0,0.0,0.0,0,2.0,0,1,0.0,0,0,0,0,0,0,0,0,0.0
Jam Donut,0.0,0.0,0.0,0,0,0.0,0,0,0,0.0,0.67214,0,0,0.0,0.0,0,0.6666666666666666,1,1,0.0,1,0,0,0.0,0.0,0.0,0,0.0,0.0,0,0.0,0,0,0.0,0,0,0,0,0,0,0,0,0.0
Jelly Bean,0.0,0.0,0.0,0,1,0.0,0,0,0,1.0,0.0,0,0,0.0,0.0,0,0.0,0,0,0.0,1,0,0,0.0,0.0,0.0,0,0.0,0.0,0,0.0,0,0,0.0,0,0,0,0,0,0,0,0,0.0
Jackhammer,0.0,0.0,0.0,0,0,0.0,0,0,0,0.0,0.0,0,1,0.0,0.0,0,1.0,0,0,0.0,0,0,0,0.0,0.0,0.0,0,0.0,0.0,0,0.0,0,0,0.0,0,0,0,0,0,0,0,0,0.0
Jello shots,0.0,0.0,0.0,0,0,2.0,0,0,0,0.0,0.0,0,0,0.0,0.0,0,0.0,0,0,0.0,0,0,0,0.0,0.0,0.0,0,0.0,0.0,0,0.0,0,0,0.0,0,0,0,0,0,0,0,1,0.0
John Collins,0.0,3.0,0.0,0,0,0.0,1,0,0,0.0,0.167,0,0,0.0,0.0,0,2.0,0,0,0.0,0,0,0,0.0,0.0,0.0,0,0.0,0.0,0,0.0,0,0,0.0,0,0,0,0,0,0,0,0,0.0
Jamaica Kiss,1.0,0.0,1.0,0,0,0.0,0,0,0,0.0,0.0,0,0,0.0,0.0,0,0.0,0,0,0.0,0,0,0,0.0,0.0,0.0,0,1.0,0.0,0,0.0,0,0,0.0,0,0,0,0,0,0,0,0,0.0
Japanese Fizz,0.0,0.0,0.0,0,0,0.0,0,0,0,0.0,0.167,0,0,0.0,0.0,0,1.5,0,0,0.0,0,0,0,0.0,0.0,0.0,0,0.0,1.0,0,0.0,0,0,0.0,0,0,0,0,0,0,0,0,0.0
Just a Moonmint,0.0,0.0,0.0,0,0,0.0,0,0,0,0.0,0.0,0,0,0.0,0.0,0,0.0,0,0,0.0,0,0,0,0.0,0.0,16.0,0,0.0,0.0,0,0.0,0,0,0.0,0,0,0,0,0,0,0,0,0.0
Jamaican Coffee,0.16666666666666666,0.0,0.0,0,0,0.0,0,0,0,0.0,0.0,0,0,0.0,0.0,0,0.0,0,0,0.0,0,0,0,0.0,0.0,0.0,0,0.16666666666666666,0.0,0,0.0,0,0,0.0,0,0,0,0,0,0,0,1,0.0
Jewel Of The Nile,0.0,0.0,1.0,1,0,0.0,0,0,0,0.0,0.0,0,0,0.0,0.0,0,0.0,0,0,0.0,0,0,0,0.0,0.0,0.0,0,0.0,0.0,0,1.5,0,0,0.0,0,0,0,0,0,0,0,0,0.0
Jack Rose Cocktail,0.0,0.0,0.0,0,0,0.0,0,0,0,2.25,0.167,0,0,0.0,0.0,1,0.0,0,0,0.0,0,0,0,0.0,0.0,0.0,0,0.0,0.0,0,0.0,0,1,0.0,0,0,0,0,0,0,0,0,0.0
Jack's Vanilla Coke,0.0,0.0,0.0,0,0,0.0,0,0,0,0.0,0.0,0,0,0.0,0.0,0,2.0,0,0,0.0,0,0,0,0.0,11.0,0.0,0,0.0,0.0,0,0.0,0,0,0.0,0,0,0,0,0,0,0,0,0.0
Kir,0.0,0.0,1.0,0,0,0.0,0,1,0,0.0,0.0,0,0,0.0,0.0,0,0.0,0,0,0.0,0,0,0,5.0,0.0,0.0,0,0.0,0.0,0,0.0,0,0,0.0,0,0,0,0,0,0,0,0,0.0
Karsk,0.0,0.0,2.0,0,0,0.0,0,0,0,0.0,0.0,0,0,0.0,0.0,0,0.0,0,0,0.0,0,0,0,0.0,0.0,0.0,0,1.0,0.0,0,0.0,0,0,0.0,0,0,0,0,0,0,0,0,0.0
Kamikaze,0.0,0.0,1.0,0,0,1.0,1,0,0,0.0,0.0,0,0,0.0,0.0,0,0.0,0,0,0.0,0,0,0,0.0,0.0,0.0,0,0.0,0.0,0,0.0,0,0,0.0,0,0,0,0,0,0,0,0,0.0
Kir Royale,0.0,0.0,1.0,0,0,0.0,0,1,0,0.0,0.0,0,0,0.0,0.0,0,0.0,0,0,0.0,0,0,0,5.0,0.0,0.0,0,0.0,0.0,0,0.0,0,0,0.0,0,0,0,0,0,0,0,0,0.0
Kurant Tea,0.0,0.0,0.0,0,0,1.35256,0,1,0,0.0,0.167,0,0,0.0,0.0,0,0.0,0,0,0.0,0,0,0,0.0,0.0,0.0,0,0.0,0.0,0,0.0,0,0,0.0,0,0,0,0,0,0,0,0,0.0
Kiwi Lemon,0.0,0.0,1.0,0,0,0.0,0,0,0,0.0,0.0,0,0,0.0,0.0,0,0.0,0,0,0.0,0,0,0,0.0,0.0,0.0,0,0.0,0.0,0,0.0,0,0,0.0,0,0,0,0,0,0,0,0,0.0
Kioki Coffee,1.0,0.0,0.0,0,0,0.0,0,0,0,0.5,0.0,0,0,0.0,0.0,0,0.0,0,0,0.0,0,0,0,0.0,0.0,0.0,0,1.0,0.0,0,0.0,0,0,0.0,0,0,0,0,0,0,0,0,0.0
Kool-Aid Shot,0.0,0.0,1.0,0,0,1.0,1,0,0,0.0,0.0,0,1,0.0,0.0,0,0.0,0,0,0.0,1,0,0,0.0,0.0,0.0,0,0.0,0.0,0,1.0,0,0,0.0,0,0,0,0,0,0,0,0,0.0
Kiss me Quick,0.0,2.36698,0.67628,0,0,1.35256,1,0,0,0.0,0.0,0,0,0.0,0.0,1,0.0,0,0,0.0,0,0,0,0.0,0.0,0.0,0,0.0,0.0,0,0.0,0,0,0.0,0,0,0,0,0,0,0,0,0.0
Kool First Aid,2.0,0.0,0.0,0,0,0.0,0,0,0,0.0,0.0,0,0,0.0,0.0,0,0.0,0,0,0.0,0,0,0,0.0,0.0,0.0,0,0.0,0.0,0,0.0,0,0,0.0,0,0,0,0,0,0,0,0,0.0
Kentucky B And B,0.0,0.0,0.5,1,0,0.0,0,0,0,0.0,0.0,0,0,0.0,0.0,0,2.0,0,0,0.0,0,0,0,0.0,0.0,0.0,0,0.0,0.0,0,0.0,0,0,0.0,0,0,0,0,0,0,0,0,0.0
Kentucky Colonel,0.0,0.0,0.5,1,0,0.0,0,0,0,0.0,0.0,0,0,0.0,0.0,0,3.0,0,0,0.0,0,0,0,0.0,0.0,0.0,0,0.0,0.0,0,0.0,0,0,0.0,0,0,0,0,0,0,0,0,0.0
Kool-Aid Slammer,0.0,0.0,0.0,0,0,0.5,0,0,0,0.0,0.0,0,0,0.0,0.0,0,0.0,0,0,0.0,0,0,0,0.0,0.0,0.0,0,0.0,0.0,0,0.0,0,0,0.0,0,0,0,0,0,0,0,0,0.0
Kiwi Papaya Smoothie,0.0,0.0,0.0,0,0,0.0,0,0,0,0.0,0.0,0,0,0.0,0.0,0,0.0,0,0,0.0,0,0,0,0.0,0.0,0.0,0,0.0,0.0,1,0.0,0,0,0.0,0,0,0,0,0,0,0,0,0.0
Kill the cold Smoothie,0.0,0.0,0.0,0,0,0.0,0,0,0,0.0,0.0,0,0,0.0,0.0,0,0.0,0,0,0.0,0,0,0,0.0,0.0,0.0,0,0.0,0.0,0,0.0,0,0,0.0,0,0,0,0,0,0,0,1,0.0
Limeade,0.0,1.0,0.0,0,0,0.0,0,0,0,0.0,0.167,0,0,0.0,0.0,0,0.0,0,0,0.0,0,0,0,0.0,0.0,0.0,0,0.0,0.0,0,0.0,0,0,0.0,0,0,0,0,0,0,0,0,0.0
Lunch Box,0.0,0.0,0.0,0,0,0.0,1,0,0,0.0,0.0,0,1,0.0,0.0,0,0.0,0,0,0.75,0,0,0,0.0,0.0,0.0,0,0.0,0.0,0,0.0,0,0,0.0,0,0,0,0,0,0,0,0,0.0
Lemon Shot,0.0,0.0,0.5,1,0,0.5,1,0,0,0.0,0.167,0,0,0.0,0.0,0,0.0,0,0,0.0,0,0,0,0.0,0.0,0.0,0,0.0,0.0,0,0.0,0,0,0.0,0,0,0,0,0,0,0,0,0.0
Long vodka,0.0,0.034,0.0,0,0,5.0,0,0,0,0.0,0.0,0,0,1.32,0.0,0,0.0,0,0,0.0,0,0,0,0.0,0.0,0.0,0,0.0,0.0,0,0.0,0,0,0.0,0,0,0,0,0,0,0,0,0.0
Lemon Drop,0.0,0.0,1.5,0,0,2.25,1,0,0,0.0,0.0,0,0,0.0,0.0,0,0.0,0,0,0.0,0,0,0,0.0,0.0,0.0,0,0.0,0.0,0,0.0,0,0,0.0,0,0,0,0,0,0,0,0,0.0
Loch Lomond,0.0,0.0,0.0,1,0,0.0,0,0,1,0.0,0.0,0,0,0.0,0.0,0,2.5,0,0,0.0,0,0,0,0.0,0.0,0.0,0,0.0,0.5,0,0.0,0,0,0.0,0,0,0,0,0,0,0,0,0.0
London Town,0.0,0.0,0.0835,0,0,0.0,1,0,0,0.0,0.0,0,0,0.66,0.0,0,0.0,0,0,0.0,0,0,0,0.0,0.0,0.0,0,0.0,0.0,0,1.5,0,0,0.0,0,0,0,0,0,0,0,0,0.0
Lassi Khara,0.0,0.0,0.0,0,0,0.0,0,0,1,0.0,0.0,0,0,0.0,0.0,0,0.0,0,0,0.0,0,0,1,0.0,0.0,0.0,0,0.0,0.0,0,0.0,0,0,0.0,0,0,0,0,0,0,0,1,8.0
Lassi Raita,0.0,0.0,0.0,0,0,0.0,0,0,0,0.0,0.0,0,0,0.0,0.0,0,0.0,0,0,0.0,0,0,0,0.0,0.0,0.0,0,0.0,0.0,0,0.0,0,0,0.0,0,0,0,0,0,0,0,0,16.0
Lemouroudji,0.0,0.0,0.0,0,0,0.0,0,0,1,0.0,0.167,0,0,0.0,0.0,0,0.0,0,0,0.0,0,0,0,0.0,0.0,0.0,0,0.0,0.0,0,0.0,0,0,0.0,0,0,0,0,0,0,0,1,0.0
Lord And Lady,2.0,0.0,0.0,0,0,0.0,0,0,0,0.0,0.5,0,0,0.0,0.0,0,0.0,0,0,0.0,0,0,0,0.0,0.0,0.0,0,0.5,0.0,0,0.0,0,0,0.0,0,0,0,0,0,0,0,0,0.0
Lassi - Sweet,0.0,0.0,0.0,0,0,0.0,0,0,0,0.0,0.668,0,0,0.0,0.0,0,0.0,0,0,0.0,0,0,1,0.0,0.0,0.0,0,0.0,0.0,0,0.0,0,0,0.0,0,0,0,0,0,0,0,1,8.0
Lassi - Mango,0.0,0.0,0.0,0,0,0.0,0,0,0,0.0,0.0835,0,0,0.0,0.0,0,0.0,0,0,0.0,0,0,0,0.0,0.0,0.0,0,0.0,0.0,1,0.0,0,0,0.0,0,0,0,0,0,0,0,1,16.0
Limona Corona,0.0,0.0,0.0,0,0,0.0,1,0,0,1.0,0.0,0,0,0.0,0.0,0,0.0,0,0,12.0,0,0,0,0.0,0.0,0.0,0,0.0,0.0,0,0.0,0,0,0.0,0,0,0,0,0,0,0,0,0.0
Lady Love Fizz,0.0,0.0,0.0,0,0,0.0,0,0,0,0.0,0.167,0,0,0.0,0.0,0,0.0,1,0,0.0,0,0,0,0.0,0.0,0.0,0,0.0,0.0,0,2.0,0,0,0.0,0,0,0,0,0,0,0,0,0.0
Long Island Tea,0.5,0.0,0.0,0,0,0.5,0,0,0,0.0,0.0,0,0,0.0,0.0,0,0.0,0,0,0.0,0,0,0,0.0,1.0,0.0,0,0.0,0.0,0,0.5,0,0,0.5,0,0,0,0,0,0,0,0,0.0
Lone Tree Cooler,0.0,0.0,0.0,0,0,0.0,0,0,0,0.0,0.0,0,0,0.0,0.0,0,0.0,0,0,0.0,0,0,0,0.0,0.0,0.0,0,0.0,0.0,0,0.0,0,0,0.0,0,0,0,0,0,0,0,0,0.0
Lone Tree Cocktail,0.0,0.0,0.0,1,0,0.0,0,0,0,0.0,0.0,0,0,0.0,0.0,0,0.0,0,0,0.0,0,0,0,0.0,0.0,0.0,0,0.0,0.75,0,1.5,0,0,0.0,0,0,0,0,0,0,0,0,0.0
Long Island Iced Tea,0.5,0.0,0.0,0,0,0.5,0,0,0,0.0,0.0,0,0,0.0,0.0,0,0.0,0,0,0.0,0,0,0,0.0,1.0,0.0,0,0.0,0.0,0,0.5,0,0,0.5,0,0,0,0,0,0,0,0,0.0
Lassi - A South Indian Drink,0.0,0.0,0.0,0,0,0.0,0,0,1,0.0,0.0,0,0,0.0,0.0,0,0.0,0,0,0.0,0,0,1,0.0,0.0,0.0,0,0.0,0.0,0,0.0,0,0,0.0,0,0,0,0,0,0,0,1,4.0
Melya,0.0,0.0,0.0,0,0,0.0,0,0,0,0.0,0.5,0,0,0.0,0.0,0,0.0,0,0,0.0,0,0,0,0.0,0.0,0.0,0,0.0,0.0,0,0.0,0,0,0.0,0,0,0,0,0,0,0,0,0.0
Mojito,2.5,0.0,0.0,0,0,0.0,0,0,0,0.0,0.334,0,0,0.0,0.0,0,0.0,0,0,0.0,0,0,0,0.0,0.0,0.0,0,0.0,0.0,0,0.0,0,0,0.0,0,0,0,0,0,0,0,0,0.0
Mimosa,0.0,0.0,0.0,0,0,0.0,1,0,0,0.0,0.0,0,0,0.0,0.0,0,0.0,0,0,0.0,0,0,0,1.0,0.0,0.0,0,0.0,0.0,0,0.0,0,0,0.0,0,0,0,0,0,0,0,0,0.0
Mai Tai,1.0,0.0,0.5,0,0,0.0,1,0,0,0.0,2.0,0,1,0.0,0.0,0,0.0,0,0,0.0,0,0,0,0.0,0.0,0.0,0,0.0,0.0,0,0.0,0,0,0.0,0,0,0,0,0,0,0,0,0.0
Martini,0.0,0.0,0.0,1,0,0.0,0,0,0,0.0,0.0,0,0,0.0,0.0,0,0.0,0,0,0.0,0,0,0,0.0,0.0,0.0,0,0.0,0.3333333333333333,0,1.6666666666666663,0,0,0.0,0,0,0,0,0,0,0,0,0.0
Margarita,0.0,0.0,0.5,0,0,0.0,1,0,0,0.0,0.0,0,0,0.0,0.0,0,0.0,0,0,0.0,0,0,0,0.0,0.0,0.0,0,0.0,0.0,0,0.0,0,0,1.5,0,0,0,0,0,0,0,0,0.0
Manhattan,0.0,0.0,0.0,1,0,0.0,1,0,0,0.0,0.0,0,0,0.33,0.0,0,2.5,0,0,0.0,0,0,0,0.0,0.0,0.0,0,0.0,0.75,0,0.0,0,0,0.0,0,0,0,0,0,0,0,0,0.0
Mojito #3,0.125,0.125,0.0,0,0,0.0,0,0,0,0.0,0.0,0,0,2.64,0.0,0,0.0,0,0,0.0,0,0,0,0.0,0.0,0.0,0,0.0,0.0,0,0.0,0,0,0.0,0,0,0,0,0,0,0,0,0.0
Miami Vice,7.0,0.0,0.0,0,0,0.0,0,0,0,0.0,1.0,0,0,0.0,0.0,0,0.0,0,0,0.0,0,0,0,0.0,0.0,0.0,0,0.0,0.0,1,0.0,0,0,0.0,0,0,0,0,0,0,0,0,0.0
Mudslinger,0.0,0.0,0.0,0,0,0.0,1,0,1,0.0,0.0,0,0,0.0,0.0,0,750.0,0,0,0.0,0,0,0,0.0,750.0,0.0,0,0.0,0.0,0,0.0,0,0,0.0,0,0,0,0,0,0,0,0,0.0
Moranguito,0.0,0.0,0.4,1,1,0.0,0,0,0,0.0,0.033400000000000006,0,0,0.0,0.0,0,0.0,0,0,0.0,0,0,0,0.0,0.0,0.0,0,0.0,0.0,0,0.0,0,1,0.4,0,0,0,0,0,0,0,0,0.0
Mint Julep,0.0,0.0,0.0,0,0,0.0,0,0,0,0.0,0.167,0,0,0.0,0.0,0,2.5,0,0,0.0,0,0,0,0.0,0.0,0.0,0,0.0,0.0,0,0.0,0,0,0.0,0,0,0,0,0,0,0,1,0.0
Martinez 2,0.0,0.0,0.167,1,0,0.0,0,0,0,0.0,0.0,0,0,0.66,0.0,0,0.0,0,0,0.0,0,0,0,0.0,0.0,0.0,0,0.0,1.5,0,1.5,0,0,0.0,0,0,0,0,0,0,0,0,0.0
Masala Chai,0.0,0.0,0.0,0,0,0.0,0,0,1,0.0,0.167,0,0,0.0,0.0,0,0.0,0,0,0.0,0,0,0,0.0,0.0,0.0,0,0.0,0.0,0,0.0,0,0,0.0,0,0,0,0,0,0,0,1,0.0
Mulled Wine,0.0,0.0,0.0,0,0,0.0,0,0,1,0.25,0.167,0,0,0.0,0.0,0,0.0,0,0,0.0,0,0,0,0.0,0.0,0.0,0,0.0,9000.0,0,0.0,0,0,0.0,0,0,0,0,0,0,0,1,0.0
Moscow Mule,0.0,0.0,0.0,0,0,2.0,0,0,0,0.0,0.0,0,0,0.0,0.0,0,0.0,0,0,0.0,0,0,0,0.0,0.0,0.0,0,0.0,0.0,0,0.0,0,0,0.0,0,0,0,0,0,0,0,0,0.0
Mocha-Berry,0.0,0.0,0.0,0,0,0.0,0,0,0,0.0,0.0,0,0,0.0,0.0,0,0.0,0,1,0.0,1,0,0,0.0,0.0,0.0,0,6.0,0.0,0,0.0,0,0,0.0,0,0,0,0,0,0,0,0,0.0
Munich Mule,0.0,0.0,0.0,0,0,0.0,0,0,0,0.0,0.0,0,0,0.0,0.0,0,0.0,0,0,3.3814,0,0,0,0.0,0.0,0.0,0,0.0,0.0,0,5.0,0,0,0.0,0,0,0,0,0,0,0,0,0.0
Monkey Gland,0.0,0.0,1.0,1,0,0.0,1,0,0,0.0,0.167,0,0,0.0,0.0,0,0.0,0,0,0.0,0,0,0,0.0,0.0,0.0,0,0.0,0.0,0,2.0,0,1,0.0,0,0,0,0,0,0,0,0,0.0
Monkey Wrench,1.5,0.0,0.0,0,0,0.0,0,0,0,0.0,0.0,0,0,0.33,0.0,0,0.0,0,0,0.0,0,0,0,0.0,0.0,0.0,0,0.0,0.0,0,0.0,1,0,0.0,0,0,0,0,0,0,0,0,0.0
Midnight Manx,1.0,0.0,0.0,0,0,0.0,0,0,1,0.0,0.0,0,0,0.0,0.0,0,2.0,1,1,0.0,0,0,0,0.0,0.0,0.0,0,3.0,0.0,0,0.0,0,0,0.0,0,0,0,0,0,0,0,0,0.0
Mother's Milk,0.0,0.0,1.0,0,0,0.0,0,0,1,0.0,1.0,0,0,0.0,0.0,0,1.0,0,0,0.0,0,1,0,0.0,0.0,8.0,0,0.0,0.0,0,0.0,0,0,0.0,0,0,0,0,0,0,0,0,0.0
Midnight Mint,0.0,0.0,0.75,0,0,0.0,0,0,0,0.0,0.0,0,0,0.0,0.0,0,1.0,1,1,0.0,0,0,0,0.0,0.0,0.0,0,0.0,0.0,0,0.0,0,0,0.0,0,0,0,0,0,0,0,0,0.0
Mary Pickford,1.5,0.0,0.0835,0,0,0.0,0,0,0,0.0,0.0835,0,0,0.0,0.0,0,0.0,0,0,0.0,0,0,0,0.0,0.0,0.0,0,0.0,0.0,1,0.0,0,1,0.0,0,0,0,0,0,0,0,0,0.0
Malibu Twister,2.0,0.0,0.0,0,0,0.0,0,0,0,0.0,0.0,0,0,0.0,0.0,0,0.0,0,0,0.0,1,0,0,0.0,0.0,0.0,1,0.0,0.0,1,0.0,0,0,0.0,0,0,0,0,0,0,0,0,0.0
Negroni,0.0,0.0,0.0,1,0,0.0,0,0,0,0.0,0.0,0,0,0.0,1.0,0,0.0,0,0,0.0,0,0,0,0.0,0.0,0.0,0,0.0,1.0,0,1.0,0,0,0.0,0,0,0,0,0,0,0,0,0.0
New York Sour,0.0,0.0,0.0,0,0,0.0,0,0,0,0.0,0.167,0,0,0.0,0.0,0,2.0,0,0,0.0,0,0,0,0.0,0.0,0.0,0,0.0,12.0,0,0.0,0,0,0.0,0,0,0,0,0,0,0,0,0.0
Nutty Irishman,0.0,0.0,1.0,1,0,0.0,0,0,0,0.0,0.0,0,0,0.0,0.0,0,1.0,1,1,0.0,0,0,0,0.0,0.0,8.0,0,0.0,0.0,0,0.0,0,0,0.0,0,0,0,0,0,0,0,0,0.0
National Aquarium,0.5,1.0,0.0,0,0,0.5,1,0,0,0.0,2.0,0,0,0.0,0.0,0,0.0,0,0,0.0,0,0,0,0.0,0.0,0.0,0,0.0,0.0,0,0.5,0,0,0.0,0,0,0,0,0,0,0,0,0.0
New York Lemonade,0.0,1.0,0.0,0,0,2.0,1,0,0,1.0,1.0,0,0,0.0,0.0,0,0.0,0,0,0.0,0,0,0,0.0,0.0,0.0,0,0.0,0.0,0,0.0,0,0,0.0,0,0,0,0,0,0,0,0,0.0
Nuked Hot Chocolate,0.0,0.0,0.0,0,0,0.0,0,0,0,0.0,0.167,0,0,0.0,0.0,0,0.0,0,1,0.0,0,0,0,0.0,0.0,96.0,0,0.0,0.0,0,0.0,0,0,0.0,0,0,0,0,0,0,0,0,0.0
Orgasm,0.0,0.0,1.0,0,0,0.5,1,0,0,0.0,0.0,0,1,0.0,0.0,0,0.0,1,1,0.0,0,0,0,0.0,0.0,0.0,0,0.0,0.0,0,0.0,0,0,0.0,0,0,0,0,0,0,0,0,0.0
Old Pal,0.0,0.0,0.0,1,0,0.0,0,0,0,0.0,0.0,0,0,0.0,1.0,0,2.0,0,0,0.0,0,0,0,0.0,0.0,0.0,0,0.0,1.0,0,0.0,0,0,0.0,0,0,0,0,0,0,0,0,0.0
Orangeade,0.0,0.0,0.0,0,0,0.0,1,0,0,0.0,0.84535,0,0,0.0,0.0,0,0.0,0,0,0.0,0,0,0,0.0,0.0,0.0,0,0.0,0.0,0,0.0,0,0,0.0,0,0,0,0,0,0,0,0,0.0
Orange Whip,1.0,0.0,0.0,0,0,1.0,1,0,0,0.0,0.0,0,0,0.0,0.0,0,0.0,1,0,0.0,0,0,0,0.0,0.0,0.0,0,0.0,0.0,0,0.0,0,0,0.0,0,0,0,0,0,0,0,0,0.0
Orange Oasis,0.0,0.0,0.0,0,0,0.0,1,0,0,0.5,0.0,0,0,0.0,0.0,0,0.0,0,0,0.0,0,0,0,0.0,0.0,0.0,0,0.0,0.0,0,1.5,0,0,0.0,0,0,0,0,0,0,0,0,0.0
Orange Crush,0.0,0.0,1.0,0,0,1.0,1,0,0,0.0,0.0,0,0,0.0,0.0,0,0.0,0,0,0.0,0,0,0,0.0,0.0,0.0,0,0.0,0.0,0,0.0,0,0,0.0,0,0,0,0,0,0,0,0,0.0
Old Fashioned,0.0,0.0,0.0,0,0,0.0,0,0,0,0.0,0.167,0,0,0.66,0.0,0,4.5,0,0,0.0,0,0,0,0.0,0.0,0.0,0,0.0,0.0,0,0.0,0,0,0.0,0,0,0,0,0,0,0,1,0.0
Oreo Mudslide,1.0,0.0,0.0,0,0,1.0,0,0,0,0.0,0.0,0,0,0.0,0.0,0,1.0,1,1,0.0,0,0,0,0.0,0.0,0.0,0,1.0,0.0,0,0.0,0,0,0.0,1,0,0,1,0,0,0,0,0.0
Orange Push-up,1.5,0.0,0.0,0,0,0.0,1,0,1,0.0,1.0835,0,0,0.0,0.0,0,0.0,0,0,0.0,0,0,0,0.0,0.0,0.0,0,0.0,0.0,0,0.0,0,1,0.0,0,0,0,0,0,0,0,0,0.0
Oatmeal Cookie,2.0,0.0,5.0,1,0,0.0,0,0,1,0.0,4.0,0,0,0.0,0.0,0,2.5,1,1,0.0,0,1,0,0.0,0.0,0.0,0,2.0,0.0,0,0.0,0,0,0.0,0,0,0,0,0,0,0,0,0.0
Orange Scented Hot Chocolate,0.0,0.0,0.0,0,0,0.0,1,0,1,0.0,0.0,0,0,0.0,0.0,0,0.0,0,1,0.0,0,0,0,0.0,0.0,16.0,0,0.75,0.0,0,0.0,0,0,0.0,0,0,0,0,0,0,0,0,0.0
Owen's Grandmother's Revenge,0.0,0.0,0.0,0,0,0.0,0,0,0,0.0,12.0,0,0,0.0,0.0,0,12.0,0,0,12.0,0,0,0,0.0,0.0,0.0,0,0.0,0.0,0,0.0,0,0,0.0,0,0,0,0,0,0,0,0,0.0
Paloma,0.0,3.0,0.0,0,0,0.0,0,0,0,0.0,0.0,0,0,0.0,0.0,0,0.0,0,0,0.0,0,0,0,0.0,0.0,0.0,0,0.0,0.0,0,0.0,1,0,1.5,0,0,0,0,0,0,0,0,0.0
Pink Gin,0.0,0.0,0.0,0,0,0.0,0,0,0,0.0,0.0,0,0,0.99,0.0,0,0.0,0,0,0.0,0,0,0,0.0,0.0,0.0,0,0.0,0.0,0,2.0,0,0,0.0,0,0,0,0,0,0,0,0,0.0
Paradise,0.0,0.0,0.0,0,0,0.0,1,0,0,4.0,0.0,0,0,0.0,0.0,0,0.0,0,0,0.0,0,0,0,0.0,0.0,0.0,0,0.0,0.0,0,7.0,0,0,0.0,0,0,0,0,0,0,0,0,0.0
Pink Lady,0.0,0.0,0.0,0,0,0.0,0,0,0,0.0,0.167,0,0,0.0,0.0,0,0.0,1,0,0.0,0,0,0,0.0,0.0,0.0,0,0.0,0.0,0,1.5,0,1,0.0,0,0,0,0,0,0,0,0,0.0
Pegu Club,0.0,0.0,0.75,0,0,0.0,1,0,0,0.0,0.0,0,0,0.66,0.0,0,0.0,0,0,0.0,0,0,0,0.0,0.0,0.0,0,0.0,0.0,0,1.5,0,0,0.0,0,0,0,0,0,0,0,0,0.0
Pisco Sour,0.0,0.0,0.0,0,0,0.0,0,0,0,2.0,0.2505,0,0,0.0,0.0,0,0.0,0,0,0.0,0,0,0,0.0,0.0,0.0,0,0.0,0.0,0,0.0,0,0,0.0,0,0,0,0,0,0,0,0,0.0
Porto flip,0.0,0.0,0.0,0,0,0.0,0,0,0,3.0,0.0,0,0,0.0,0.0,0,0.0,0,0,0.0,0,0,0,0.0,0.0,0.0,0,0.0,9.0,0,0.0,0,0,0.0,0,0,0,0,0,0,0,0,0.0
Penicillin,0.0,0.0,0.0,0,0,0.0,0,0,0,0.0,0.668,0,0,0.0,0.0,0,2.25,0,0,0.0,0,0,0,0.0,0.0,0.0,0,0.0,0.0,0,0.0,0,0,0.0,0,0,0,0,0,0,0,0,0.0
Pina Colada,3.0,0.0,0.0,0,0,0.0,0,0,0,0.0,0.0,0,0,0.0,0.0,0,0.0,0,0,0.0,0,0,0,0.0,0.0,1.5,1,0.0,0.0,1,0.0,0,0,0.0,0,0,0,0,0,0,0,0,0.0
Pink Penocha,0.0,0.0,1750.0,0,0,1775.5,1,0,0,0.0,0.0,0,0,0.0,0.0,0,0.0,0,0,0.0,1,0,0,0.0,0.0,0.0,0,0.0,0.0,0,0.0,0,0,0.0,0,1,0,0,0,0,0,0,0.0
Popped cherry,0.0,0.0,2.0,0,0,2.0,1,0,0,0.0,0.0,0,0,0.0,0.0,0,0.0,0,0,0.0,1,0,0,0.0,0.0,0.0,0,0.0,0.0,0,0.0,0,0,0.0,0,0,0,0,0,0,0,0,0.0
Poppy Cocktail,0.0,0.0,0.75,0,0,0.0,0,0,0,0.0,0.0,0,0,0.0,0.0,0,0.0,0,1,0.0,0,0,0,0.0,0.0,0.0,0,0.0,0.0,0,1.5,0,0,0.0,0,0,0,0,0,0,0,0,0.0
Port Wine Flip,0.0,0.0,0.0,0,0,0.0,0,0,0,0.0,0.167,0,0,0.0,0.0,0,0.0,1,0,0.0,0,0,0,0.0,0.0,0.0,0,0.0,1.5,0,0.0,0,0,0.0,0,0,0,0,0,0,0,0,0.0
Planter's Punch,1.0,0.0,0.0,0,0,0.0,1,0,0,0.0,0.5,0,1,0.0,0.0,0,0.0,0,0,0.0,0,0,0,0.0,0.0,0.0,0,0.0,0.0,1,0.0,0,0,0.0,0,0,0,0,0,0,0,0,0.0
Port And Starboard,0.0,0.0,0.5,0,0,0.0,0,0,0,0.0,0.667,0,0,0.0,0.0,0,0.0,0,0,0.0,0,0,0,0.0,0.0,0.0,0,0.0,0.0,0,0.0,0,1,0.0,0,0,0,0,0,0,0,0,0.0
Port Wine Cocktail,0.0,0.0,0.0,0,0,0.0,0,0,0,0.5,0.0,0,0,0.0,0.0,0,0.0,0,0,0.0,0,0,0,0.0,0.0,0.0,0,0.0,2.5,0,0.0,0,0,0.0,0,0,0,0,0,0,0,0,0.0
Pysch Vitamin Light,0.0,0.0,0.0,0,0,0.0,1,0,0,0.0,0.0,0,0,0.0,0.0,1,0.0,0,0,0.0,0,0,0,0.0,0.0,0.0,0,0.0,0.0,1,0.0,0,0,0.0,0,0,0,0,0,0,0,0,0.0
Pink Panty Pulldowns,0.0,1.0,0.0,0,0,2.0,0,0,0,0.0,16.0,0,0,0.0,0.0,0,0.0,0,0,0.0,0,0,0,0.0,0.0,0.0,0,0.0,0.0,0,0.0,0,0,0.0,0,0,0,0,0,0,0,0,0.0
Passion Fruit Martini,0.0,0.0,0.0,0,0,1.0,0,0,0,0.0,0.16907,0,0,0.0,0.0,0,0.0,0,0,0.0,0,0,0,0.0,0.0,0.0,0,0.0,0.0,1,0.0,0,0,0.0,0,0,0,0,0,0,0,0,0.0
Pineapple Gingerale Smoothie,0.0,0.0,0.0,0,0,0.0,0,0,0,0.0,0.0,0,0,0.0,0.0,0,0.0,0,0,0.0,0,0,0,0.0,0.0,0.0,0,0.0,0.0,1,0.0,0,0,0.0,0,0,0,0,0,0,0,0,0.0
Quentin,2.0,0.0,0.0,0,0,0.0,0,0,1,0.0,0.0,0,0,0.0,0.0,0,0.0,1,0,0.0,0,0,0,0.0,0.0,0.0,0,0.5,0.0,0,0.0,0,0,0.0,0,0,0,0,0,0,0,0,0.0
Queen Bee,0.0,0.0,0.0,0,0,1.5,0,0,0,1.0,0.0,0,0,0.0,0.0,0,0.0,0,0,0.0,0,0,0,0.0,0.0,0.0,0,1.0,0.5,0,0.0,0,0,0.0,0,0,0,0,0,0,0,0,0.0
Quick F**K,1.0,0.0,1.0,0,0,0.0,0,0,0,0.0,0.0,0,0,0.0,0.0,0,1.0,1,1,0.0,0,0,0,0.0,0.0,0.0,0,1.0,0.0,1,0.0,0,0,0.0,0,0,0,0,0,0,0,0,0.0
Quick-sand,0.0,0.0,0.8500000000000001,0,1,0.0,1,0,0,0.0,0.8500000000000001,0,0,0.0,0.0,0,0.0,0,0,0.0,1,0,0,0.0,0.0,0.0,0,0.0,0.0,0,0.0,0,0,0.0,0,0,0,0,0,0,0,0,0.0
Queen Charlotte,0.0,0.0,0.0,0,0,0.0,0,0,0,0.0,0.167,0,0,0.0,0.0,0,0.0,0,0,0.0,0,0,0,0.0,0.0,0.0,0,0.0,24.0,0,0.0,0,1,0.0,0,0,0,0,0,0,0,0,0.0
Queen Elizabeth,0.0,0.0,1.5,1,0,0.0,0,0,0,0.0,0.0,0,0,0.0,0.0,0,0.0,0,0,0.0,0,0,0,0.0,0.0,0.0,0,0.0,0.5,0,1.5,0,0,0.0,0,0,0,0,0,0,0,0,0.0
Quaker's Cocktail,0.75,0.0,0.0,0,0,0.0,0,0,0,0.75,0.334,0,0,0.0,0.0,0,0.0,0,0,0.0,1,0,0,0.0,0.0,0.0,0,0.0,0.0,0,0.0,0,0,0.0,0,0,0,0,0,0,0,0,0.0
Quarter Deck Cocktail,1.5,0.0,0.0,0,0,0.0,0,0,0,0.0,0.0,0,0,0.0,0.0,0,0.0,0,0,0.0,0,0,0,0.0,0.0,0.0,0,0.0,0.3333333333333333,0,0.0,0,0,0.0,0,0,0,0,0,0,0,0,0.0
Rose,0.0,0.0,0.0,1,0,0.0,0,0,0,0.5,0.167,0,0,0.0,0.0,0,0.0,0,0,0.0,0,0,0,0.0,0.0,0.0,0,0.0,0.5,0,1.0,0,1,0.0,0,0,0,0,0,0,0,0,0.0
Radler,0.0,12.0,0.0,0,0,0.0,0,0,0,0.0,0.0,0,0,0.0,0.0,0,0.0,0,0,12.0,0,0,0,0.0,0.0,0.0,0,0.0,0.0,0,0.0,0,0,0.0,0,0,0,0,0,0,0,0,0.0
Rum Sour,2.0,0.0,0.0,0,0,0.0,1,0,0,0.0,0.0835,0,0,0.0,0.0,0,0.0,0,0,0.0,0,0,0,0.0,0.0,0.0,0,0.0,0.0,0,0.0,0,0,0.0,0,0,0,0,0,0,0,0,0.0
Rum Toddy,2.0,0.0,0.0,0,0,0.0,0,0,0,0.0,0.334,0,0,0.0,0.0,0,0.0,0,0,0.0,0,0,0,0.0,0.0,0.0,0,0.0,0.0,0,0.0,0,0,0.0,0,0,0,0,0,0,0,1,0.0
Rum Punch,1.0,0.0,355.0,0,0,0.0,1,0,0,0.0,0.0,0,0,0.0,0.0,0,0.0,0,0,0.0,0,0,0,0.0,0.0,0.0,0,0.0,0.0,1,0.0,0,0,0.0,0,0,0,0,0,0,0,0,0.0
Royal Fizz,0.0,0.0,0.0,0,0,0.0,0,0,0,0.0,2.0,0,0,0.0,0.0,0,0.0,0,0,0.0,0,0,0,0.0,0.0,0.0,0,0.0,0.0,0,1.0,0,0,0.0,0,0,0,0,0,0,0,0,0.0
Rum Cooler,2.0,4.0,0.0,0,0,0.0,0,0,0,0.0,0.0,0,0,0.0,0.0,0,0.0,0,0,0.0,0,0,0,0.0,0.0,0.0,0,0.0,0.0,0,0.0,0,0,0.0,0,0,0,0,0,0,0,0,0.0
Rusty Nail,0.0,0.0,0.0,1,0,0.0,0,0,1,0.0,0.0,0,0,0.0,0.0,0,2.0,0,0,0.0,0,0,0,0.0,0.0,0.0,0,0.0,0.0,0,0.0,0,0,0.0,0,0,0,0,0,0,0,0,0.0
Rum Runner,1.5,0.0,0.0,0,0,0.0,1,0,0,1.0,0.0,0,0,0.0,0.0,0,0.0,0,0,0.0,1,0,0,0.0,0.0,0.0,1,0.0,0.0,1,0.0,0,0,0.0,0,0,0,0,0,0,0,0,0.0
Rum Cobbler,2.0,3.0,0.0,0,0,0.0,1,0,0,0.0,0.167,0,0,0.0,0.0,0,0.0,0,0,0.0,0,0,0,0.0,0.0,0.0,0,0.0,0.0,0,0.0,0,0,0.0,0,0,0,0,0,0,0,0,0.0
Red Snapper,0.0,0.0,0.0,0,0,0.0,0,0,0,0.0,0.0,0,1,0.0,0.0,0,1.5,0,0,0.0,1,0,0,0.0,0.0,0.0,0,0.0,0.0,0,0.0,0,0,0.0,0,0,0,0,0,0,0,0,0.0
Royal Flush,0.0,0.0,1.0,0,0,0.0,0,0,0,0.0,0.0,0,0,0.0,0.0,0,2.25,0,0,0.0,1,0,0,0.0,0.0,0.0,0,0.0,0.0,0,0.0,0,0,0.0,0,1,0,0,0,0,0,0,0.0
Royal Bitch,0.0,0.0,1.0,1,0,0.0,0,0,0,0.0,0.0,0,0,0.0,0.0,0,1.5,0,0,0.0,0,0,0,0.0,0.0,0.0,0,0.0,0.0,0,0.0,0,0,0.0,0,0,0,0,0,0,0,0,0.0
Ruby Tuesday,0.0,0.0,0.0,0,0,0.0,0,0,0,0.0,0.334,0,0,0.0,0.0,0,0.0,0,0,0.0,1,0,0,0.0,0.0,0.0,0,0.0,0.0,0,2.0,0,1,0.0,0,0,0,0,0,0,0,0,0.0
Rail Splitter,0.0,0.0,0.0,0,0,0.0,0,0,0,0.0,0.67628,0,0,0.0,0.0,0,0.0,0,0,0.0,0,0,0,0.0,0.0,0.0,0,0.0,0.0,0,0.0,0,0,0.0,0,0,0,0,0,0,0,0,0.0
Rosemary Blue,0.0,3.4000000000000004,0.0,1,0,0.0,1,0,0,0.0,0.0,0,0,0.0,0.0,0,0.0,0,0,0.0,0,0,0,0.0,0.0,0.0,0,0.0,0.0,0,50.0,0,0,0.0,0,0,0,0,0,0,0,0,0.0
Royal Gin Fizz,0.0,0.0,0.0,0,0,0.0,0,0,0,0.0,0.167,0,0,0.0,0.0,0,0.0,0,0,0.0,0,0,0,0.0,0.0,0.0,0,0.0,0.0,0,2.0,0,0,0.0,0,0,0,0,0,0,0,0,0.0
Rum Milk Punch,2.0,0.0,0.0,0,0,0.0,0,0,0,0.0,0.167,0,0,0.0,0.0,0,0.0,0,0,0.0,0,0,0,0.0,0.0,8.0,0,0.0,0.0,0,0.0,0,0,0.0,0,0,0,0,0,0,0,0,0.0
Rum Screwdriver,1.5,0.0,0.0,0,0,0.0,1,0,0,0.0,0.0,0,0,0.0,0.0,0,0.0,0,0,0.0,0,0,0,0.0,0.0,0.0,0,0.0,0.0,0,0.0,0,0,0.0,0,0,0,0,0,0,0,0,0.0
Raspberry Cooler,0.0,4.0,0.0,0,0,2.0,0,0,0,0.0,0.0,0,0,0.0,0.0,0,0.0,0,0,0.0,1,0,0,0.0,0.0,0.0,0,0.0,0.0,0,0.0,0,0,0.0,0,0,0,0,0,0,0,0,0.0
Rum Old-fashioned,2.5,0.0,0.0,0,0,0.0,0,0,0,0.0,0.0835,0,0,0.33,0.0,0,0.0,0,0,0.0,0,0,0,0.0,0.0,0.0,0,0.0,0.0,0,0.0,0,0,0.0,0,0,0,0,0,0,0,1,0.0
Russian Spring Punch,0.0,0.0,1.5,0,0,2.5,0,1,0,0.0,0.33814,0,0,0.0,0.0,0,0.0,0,0,0.0,0,0,0,0.0,0.0,0.0,0,0.0,0.0,0,0.0,0,0,0.0,0,0,0,0,0,0,0,0,0.0
Radioactive Long Island Iced Tea,2.0,0.0,2.0,0,0,1.0,1,0,0,0.0,0.0,0,0,0.0,0.0,0,0.0,0,0,0.0,1,0,0,0.0,0.0,0.0,1,0.0,0.0,1,1.0,0,0,1.0,0,0,0,0,0,0,0,0,0.0
Smut,0.0,0.0,1.0,0,0,0.0,1,0,0,0.0,0.0,0,0,0.0,0.0,0,0.0,0,0,0.0,0,0,0,0.0,0.3333333333333333,0.0,0,0.0,4.0,0,0.0,0,0,0.0,0,1,0,0,0,0,0,0,0.0
Spritz,0.0,1.0,0.0,0,0,0.0,0,0,0,0.0,0.0,0,0,0.0,4.0,0,0.0,0,0,0.0,0,0,0,2.0288399999999998,0.0,0.0,0,0.0,0.0,0,0.0,0,0,0.0,0,0,0,0,0,0,0,0,0.0
Sazerac,0.0,0.0,0.0,0,1,0.0,0,0,0,0.0,0.0835,0,0,0.66,0.0,0,2.0,0,0,0.0,0,0,0,0.0,0.0,0.0,0,0.0,0.0,0,0.0,0,0,0.0,0,0,0,0,0,0,0,1,0.0
Scooter,0.0,0.0,0.0,0,0,0.0,0,0,0,1.0,0.0,0,1,0.0,0.0,0,0.0,1,0,0.0,0,0,0,0.0,0.0,0.0,0,0.0,0.0,0,0.0,0,0,0.0,0,0,0,0,0,0,0,0,0.0
Sidecar,0.0,0.0,0.5,0,0,0.0,1,0,0,2.0,0.0,0,0,0.0,0.0,0,0.0,0,0,0.0,0,0,0,0.0,0.0,0.0,0,0.0,0.0,0,0.0,0,0,0.0,0,0,0,0,0,0,0,0,0.0
Stinger,0.0,0.0,0.5,0,0,0.0,0,0,0,1.5,0.0,0,0,0.0,0.0,0,0.0,0,0,0.0,0,0,0,0.0,0.0,0.0,0,0.0,0.0,0,0.0,0,0,0.0,0,0,0,0,0,0,0,0,0.0
Snowball,0.0,0.0,0.0,0,0,0.0,0,0,0,1.5,10.5,0,0,0.0,0.0,0,0.0,0,0,0.0,0,0,0,0.0,0.0,0.0,0,0.0,0.0,0,0.0,0,0,0.0,0,0,0,0,0,0,0,0,0.0
Shot-gun,0.0,0.0,0.0,0,0,0.0,0,0,0,0.0,0.0,0,0,0.0,0.0,0,3.0,0,0,0.0,0,0,0,0.0,0.0,0.0,0,0.0,0.0,0,0.0,0,0,0.0,0,0,0,0,0,0,0,0,0.0
Spice 75,20.0,0.0,0.0,0,0,0.0,1,0,1,0.0,10.020000000000001,0,0,0.0,0.0,0,0.0,0,0,0.0,0,0,0,6.0,0.0,0.0,0,0.0,0.0,0,0.0,0,0,0.0,0,0,0,0,0,0,0,0,0.0
Salty Dog,0.0,0.0,0.0,0,0,0.0,0,0,0,0.0,0.0,0,0,0.0,0.0,0,0.0,0,0,0.0,0,0,1,0.0,0.0,0.0,0,0.0,0.0,0,1.5,1,0,0.0,0,0,0,0,0,0,0,0,0.0
Stone Sour,0.0,0.0,0.0,0,0,0.0,1,0,0,1.0,1.0,0,0,0.0,0.0,0,0.0,0,0,0.0,0,0,0,0.0,0.0,0.0,0,0.0,0.0,0,0.0,0,0,0.0,0,0,0,0,0,0,0,0,0.0
Sangria #1,0.0,0.0,0.0,0,0,0.0,1,0,0,0.0,0.0835,0,0,0.0,0.0,0,0.0,0,0,0.0,0,0,0,0.0,0.0,0.0,0,0.0,12.0,0,0.0,0,0,0.0,0,0,0,0,0,0,0,0,0.0
Sea breeze,0.0,0.0,0.0,0,0,1.5,0,0,0,0.0,0.0,0,0,0.0,0.0,0,0.0,0,0,0.0,1,0,0,0.0,0.0,0.0,0,0.0,0.0,0,0.0,1,0,0.0,0,0,0,0,0,0,0,0,0.0
Scotch Sour,0.0,0.0,0.0,0,0,0.0,0,0,0,0.0,0.0835,0,0,0.0,0.0,0,1.5,0,0,0.0,0,0,0,0.0,0.0,0.0,0,0.0,0.0,0,0.0,0,0,0.0,0,0,0,0,0,0,0,0,0.0
Screwdriver,0.0,0.0,0.0,0,0,2.0,0,0,0,0.0,0.0,0,0,0.0,0.0,0,0.0,0,0,0.0,0,0,0,0.0,0.0,0.0,0,0.0,0.0,0,0.0,0,0,0.0,0,0,0,0,0,0,0,0,0.0
Sherry Flip,0.0,0.0,0.0,0,0,0.0,0,0,0,0.0,0.167,0,0,0.0,0.0,0,0.0,1,0,0.0,0,0,0,0.0,0.0,0.0,0,0.0,1.5,0,0.0,0,0,0.0,0,0,0,0,0,0,0,0,0.0
Sweet Tooth,0.0,0.0,3.0,0,0,0.0,0,0,0,0.0,0.0,0,0,0.0,0.0,0,0.0,0,1,0.0,0,0,0,0.0,0.0,0.0,0,0.0,0.0,0,0.0,0,0,0.0,0,0,0,0,0,0,0,0,0.0
Sol Y Sombra,0.0,0.0,1.5,0,1,0.0,0,0,0,1.5,0.0,0,0,0.0,0.0,0,0.0,0,0,0.0,0,0,0,0.0,0.0,0.0,0,0.0,0.0,0,0.0,0,0,0.0,0,0,0,0,0,0,0,0,0.0
Shark Attack,0.0,0.0,0.0,0,0,1.5,0,0,0,0.0,1.0,0,0,0.0,0.0,0,0.0,0,0,0.0,0,0,0,0.0,0.0,0.0,0,0.0,0.0,0,0.0,0,0,0.0,0,0,0,0,0,0,0,1,0.0
Sherry Eggnog,0.0,0.0,0.0,0,0,0.0,0,0,0,0.0,0.167,0,0,0.0,0.0,0,0.0,0,0,0.0,0,0,0,0.0,0.0,0.0,0,0.0,2.0,0,0.0,0,0,0.0,0,0,0,0,0,0,0,0,0.0
Sweet Bananas,0.0,0.0,0.0,0,0,0.0,0,0,0,0.0,0.5,0,0,0.0,0.0,0,0.0,0,0,0.0,0,0,0,0.0,0.0,16.0,0,0.0,0.0,0,0.0,0,0,0.0,0,0,0,0,0,0,0,0,0.0
Sweet Sangria,0.0,0.0,0.0,0,0,0.0,1,0,0,0.0,0.167,0,0,0.0,0.0,1,0.0,0,0,0.0,0,0,0,0.0,0.0,0.0,0,0.0,24.0,0,0.0,0,0,0.0,0,0,0,0,0,0,0,1,0.0
San Francisco,0.0,0.0,0.67628,0,0,2.0,0,0,0,0.0,0.0,0,0,0.0,0.0,0,0.0,0,0,0.0,0,0,0,0.0,0.0,0.0,0,0.0,0.0,0,0.0,0,0,0.0,0,0,0,0,0,0,0,0,0.0
Space Odyssey,2.0,0.0,0.0,0,0,0.0,0,0,0,0.0,0.0,0,0,0.0,0.0,0,0.0,0,0,0.0,0,0,0,0.0,0.0,0.0,1,0.0,0.0,1,0.0,0,0,0.0,0,0,0,0,0,0,0,0,0.0
Scotch Cobbler,0.0,0.0,1.32,0,0,0.0,1,0,0,4.0,0.0,0,0,0.0,0.0,0,2.0,0,0,0.0,0,0,0,0.0,0.0,0.0,0,0.0,0.0,0,0.0,0,0,0.0,0,0,0,0,0,0,0,0,0.0
Thriller,0.0,0.0,0.0,0,0,0.0,1,0,0,0.0,0.0,0,0,0.0,0.0,0,1.5,0,0,0.0,0,0,0,0.0,0.0,0.0,0,0.0,1.0,0,0.0,0,0,0.0,0,0,0,0,0,0,0,0,0.0
Tia-Maria,1.0,0.0,0.0,0,0,0.0,0,0,0,0.0,0.146125,0,0,0.0,0.0,0,0.0,0,0,0.0,0,0,0,0.0,0.0,0.0,0,4.0,0.0,0,0.0,0,0,0.0,0,0,0,0,0,0,0,1,0.0
Tipperary,0.0,0.0,0.5,1,0,0.0,0,0,0,0.0,0.0,0,0,0.0,0.0,0,2.0,0,0,0.0,0,0,0,0.0,0.0,0.0,0,0.0,1.0,0,0.0,0,0,0.0,0,0,0,0,0,0,0,0,0.0
Turkeyball,0.0,0.0,0.0,0,0,0.0,0,0,0,0.0,0.0,0,1,0.0,0.0,0,1.0,0,0,0.0,0,0,0,0.0,0.0,0.0,0,0.0,0.0,1,0.0,0,0,0.0,0,0,0,0,0,0,0,0,0.0
Tom Collins,0.0,3.0,0.0,0,0,0.0,1,0,0,0.0,0.167,0,0,0.0,0.0,0,0.0,0,0,0.0,0,0,0,0.0,0.0,0.0,0,0.0,0.0,0,2.0,0,0,0.0,0,0,0,0,0,0,0,0,0.0
Tomato Tang,0.0,0.0,0.0,0,0,0.0,0,0,0,0.0,0.0,0,0,0.0,0.0,0,0.0,0,0,0.0,0,0,1,0.0,0.0,0.0,0,0.0,0.0,0,0.0,0,0,0.0,0,0,0,0,0,0,1,0,0.0
Thai Coffee,0.0,0.0,0.0,1,0,0.0,0,0,1,0.0,0.0,0,0,0.0,0.0,0,0.0,0,0,0.0,0,0,0,0.0,0.0,0.0,0,6.0,0.0,0,0.0,0,0,0.0,0,0,0,0,0,0,0,0,0.0
Texas Sling,1.0,0.0,0.0,0,0,0.0,0,0,0,0.0,0.0,0,1,0.0,0.0,0,0.0,1,0,0.0,0,0,0,0.0,0.0,0.0,0,0.5,0.0,0,0.0,0,0,0.0,0,0,0,0,0,0,0,0,0.0
Tequila Fizz,0.0,0.0,0.0,0,0,0.0,0,0,0,0.0,0.12525,0,0,0.0,0.0,0,0.0,0,0,0.0,0,0,0,0.0,0.0,0.0,0,0.0,0.0,0,0.0,0,1,2.0,0,0,0,0,0,0,0,0,0.0
Tequila Sour,0.0,0.0,0.0,0,0,0.0,0,0,0,0.0,0.167,0,0,0.0,0.0,0,0.0,0,0,0.0,0,0,0,0.0,0.0,0.0,0,0.0,0.0,0,0.0,0,0,2.0,0,0,0,0,0,0,0,0,0.0
Talos Coffee,0.0,0.0,0.0,0,0,0.0,1,0,0,3.0,3.0,0,0,0.0,0.0,0,0.0,0,0,0.0,0,0,0,0.0,0.0,0.0,0,1.0,0.0,0,0.0,0,0,0.0,0,0,0,0,0,0,0,0,0.0
Tennesee Mud,0.0,0.0,0.0,0,0,0.0,0,0,0,0.0,0.0,0,1,0.0,0.0,0,4.0,0,0,0.0,0,0,0,0.0,0.0,0.0,0,8.0,0.0,0,0.0,0,0,0.0,0,0,0,0,0,0,0,0,0.0
Turf Cocktail,0.0,0.0,0.0,1,1,0.0,1,0,0,0.0,0.0,0,0,0.66,0.0,0,0.0,0,0,0.0,0,0,0,0.0,0.0,0.0,0,0.0,1.0,0,1.0,0,0,0.0,0,0,0,0,0,0,0,0,0.0
Thai Iced Tea,0.0,0.0,0.0,0,0,0.0,0,0,0,0.0,0.0,0,0,0.0,0.0,0,0.0,0,0,0.0,0,0,0,0.0,0.0,0.334,0,0.0,0.0,0,0.0,0,0,0.0,0,0,0,0,0,0,0,1,0.0
The Last Word,0.0,0.0,1.167,1,0,0.0,0,0,0,0.0,0.0,0,0,0.0,0.0,0,0.0,0,0,0.0,0,0,0,0.0,0.0,0.0,0,0.0,0.0,0,0.0,0,0,0.0,0,0,0,0,0,0,0,0,0.0
The Laverstoke,0.0,2.5500000000000003,0.0,1,0,0.0,0,0,0,0.0,0.51,0,0,0.0,0.0,0,0.0,0,0,0.0,0,0,0,0.0,0.0,0.0,0,0.0,0.51,0,50.0,0,0,0.0,0,0,0,0,0,0,0,0,0.0
Tuxedo Cocktail,0.0,0.0,0.04175,1,1,0.0,1,0,0,0.0,0.0,0,0,0.66,0.0,0,0.0,0,0,0.0,0,0,0,0.0,0.0,0.0,0,0.0,1.5,0,1.5,0,0,0.0,0,0,0,0,0,0,0,0,0.0
Tequila Sunrise,0.0,0.0,0.0,0,0,0.0,0,0,0,0.0,0.0,0,0,0.0,0.0,0,0.0,0,0,0.0,0,0,0,0.0,0.0,0.0,0,0.0,0.0,0,0.0,0,0,2.0,0,0,0,0,0,0,0,0,0.0
Tequila Slammer,0.0,1.0,0.0,0,0,0.0,0,0,0,0.0,0.0,0,0,0.0,0.0,0,0.0,0,0,0.0,0,0,0,0.0,0.0,0.0,0,0.0,0.0,0,0.0,0,0,1.0,0,0,0,0,0,0,0,0,0.0
Thai Iced Coffee,0.0,0.0,0.0,0,0,0.0,0,0,0,0.0,0.0,0,0,0.0,0.0,0,0.0,1,0,0.0,0,0,0,0.0,0.0,0.0,0,1.0,0.0,0,0.0,0,0,0.0,0,0,0,0,0,0,0,0,0.0
Tequila Surprise,0.0,0.0,0.0,0,0,0.0,0,0,1,0.0,0.0,0,0,0.0,0.0,0,0.0,0,0,0.0,0,0,1,0.0,0.0,0.0,0,0.0,0.0,0,0.0,0,0,1.0,0,0,0,0,0,1,0,0,0.0
The Jimmy Conway,0.0,0.0,0.0,0,0,0.0,0,0,0,0.0,0.0,0,1,0.0,0.0,0,50.0,0,0,0.0,1,0,0,0.0,0.0,0.0,0,0.0,0.0,0,0.0,0,0,0.0,0,0,0,0,0,0,0,0,0.0
Texas Rattlesnake,0.0,0.0,0.0,0,0,0.0,1,0,1,0.5,2.0,0,0,0.0,0.0,0,2.0,0,0,0.0,0,0,0,0.0,0.0,0.0,0,0.0,0.0,0,0.0,0,0,0.0,0,0,0,0,0,0,0,0,0.0
Tommy's Margarita,0.0,0.0,0.0,0,0,0.0,0,0,0,0.0,0.334,1,0,0.0,0.0,0,0.0,0,0,0.0,0,0,0,0.0,0.0,0.0,0,0.0,0.0,0,0.0,0,0,4.5,0,0,0,0,0,0,0,0,0.0
The Evil Blue Thing,0.5,0.0,1.5,0,0,0.0,1,0,0,0.0,0.0,0,0,0.0,0.0,0,0.0,0,1,0.0,0,0,0,0.0,0.0,0.0,0,0.0,0.0,0,0.0,0,0,0.0,0,0,0,0,0,0,0,0,0.0
Victor,0.0,0.0,0.0,1,0,0.0,0,0,0,0.5,0.0,0,0,0.0,0.0,0,0.0,0,0,0.0,0,0,0,0.0,0.0,0.0,0,0.0,0.5,0,1.5,0,0,0.0,0,0,0,0,0,0,0,0,0.0
Vesper,0.0,0.0,0.0,0,0,1.5,1,0,0,0.0,0.25360499999999997,0,0,0.0,0.0,0,0.0,0,0,0.0,0,0,0,0.0,0.0,0.0,0,0.0,0.25360499999999997,0,6.0,0,0,0.0,0,0,0,0,0,0,0,0,0.0
Vesuvio,1.0,0.0,0.0,1,0,0.0,0,0,0,0.0,0.167,0,0,0.0,0.0,0,0.0,0,0,0.0,0,0,0,0.0,0.0,0.0,0,0.0,0.5,0,0.0,0,0,0.0,0,0,0,0,0,0,0,0,0.0
Veteran,2.0,0.0,0.0,0,0,0.0,0,0,0,0.5,0.0,0,0,0.0,0.0,0,0.0,0,0,0.0,0,0,0,0.0,0.0,0.0,0,0.0,0.0,0,0.0,0,0,0.0,0,0,0,0,0,0,0,0,0.0
Vampiro,0.0,0.0,0.0,0,0,0.0,1,0,0,0.0,0.33814,0,0,0.0,0.0,0,0.0,0,0,0.0,0,0,1,0.0,0.0,0.0,0,0.0,0.0,0,0.0,0,0,6.0,0,0,0,0,0,0,1,0,0.0
Van Vleet,3.0,0.0,0.0,0,0,0.0,0,0,0,0.0,1.0,0,0,0.0,0.0,0,0.0,0,0,0.0,0,0,0,0.0,0.0,0.0,0,0.0,0.0,1,0.0,0,0,0.0,0,0,0,0,0,0,0,0,0.0
Vodka Fizz,0.0,0.0,0.0,0,0,2.0,0,0,0,0.0,2.0,0,0,0.0,0.0,0,0.0,1,0,0.0,0,0,0,0.0,0.0,0.0,0,0.0,0.0,0,0.0,0,0,0.0,0,0,0,0,0,0,0,0,0.0
Vodka Martini,0.0,0.0,0.0,1,0,1.5,0,0,0,0.0,0.0,0,0,0.0,0.0,0,0.0,0,0,0.0,0,0,0,0.0,0.0,0.0,0,0.0,0.75,0,0.0,0,0,0.0,0,0,0,0,0,0,0,0,0.0
Vodka Russian,0.0,0.0,0.0,0,0,2.0,0,0,0,0.0,0.0,0,0,0.0,0.0,0,0.0,0,0,0.0,0,0,0,0.0,0.0,0.0,0,0.0,0.0,0,0.0,0,0,0.0,0,0,0,0,0,0,0,0,0.0
Vermouth Cassis,0.0,0.0,0.75,1,0,0.0,0,1,0,0.0,0.0,0,0,0.0,0.0,0,0.0,0,0,0.0,0,0,0,0.0,0.0,0.0,0,0.0,1.5,0,0.0,0,0,0.0,0,0,0,0,0,0,0,0,0.0
Victory Collins,0.0,0.0,0.0,0,0,1.5,1,0,0,0.0,0.167,0,0,0.0,0.0,0,0.0,0,0,0.0,0,0,0,0.0,0.0,0.0,0,0.0,0.0,0,0.0,1,0,0.0,0,0,0,0,0,0,0,0,0.0
Vodka And Tonic,0.0,0.0,0.0,0,0,2.0,0,0,0,0.0,0.0,0,0,0.0,0.0,0,0.0,0,0,0.0,0,0,0,0.0,0.0,0.0,0,0.0,0.0,0,0.0,0,0,0.0,0,0,0,0,0,0,0,0,0.0
Valencia Cocktail,0.0,0.0,0.0,0,0,0.0,1,0,0,1.5,0.0,0,0,0.66,0.0,0,0.0,0,0,0.0,0,0,0,0.0,0.0,0.0,0,0.0,0.0,0,0.0,0,0,0.0,0,0,0,0,0,0,0,0,0.0
Whisky Mac,0.0,0.0,0.0,0,0,0.0,0,0,0,0.0,0.0,0,0,0.0,0.0,0,1.5,0,0,0.0,0,0,0,0.0,0.0,0.0,0,0.0,1.0,0,0.0,0,0,0.0,0,0,0,0,0,0,0,0,0.0
Wine Punch,0.0,0.0,0.0,0,0,0.0,1,0,0,0.0,0.0,0,0,0.0,0.0,0,0.0,0,0,0.0,0,0,0,0.0,0.0,0.0,0,0.0,12.0,1,0.0,0,0,0.0,0,0,0,0,0,0,0,0,0.0
White Lady,0.0,0.0,3.0,0,0,0.0,1,0,0,0.0,0.0,0,0,0.0,0.0,0,0.0,0,0,0.0,0,0,0,0.0,0.0,0.0,0,0.0,0.0,0,4.0,0,0,0.0,0,0,0,0,0,0,0,0,0.0
Wine Cooler,0.0,5.0,0.0,0,0,0.0,0,0,0,0.0,0.0,0,0,0.0,0.0,0,0.0,0,0,0.0,0,0,0,0.0,0.0,0.0,0,0.0,24.0,0,0.0,0,0,0.0,0,0,0,0,0,0,0,0,0.0
Whiskey Sour,0.0,0.0,0.0,0,0,0.0,0,0,0,0.0,0.0835,0,0,0.0,0.0,0,2.0,0,0,0.0,0,0,0,0.0,0.0,0.0,0,0.0,0.0,0,0.0,0,0,0.0,0,0,0,0,0,0,0,0,0.0
White Russian,0.0,0.0,1.0,0,0,2.0,0,0,0,0.0,0.0,0,0,0.0,0.0,0,0.0,0,0,0.0,0,0,0,0.0,0.0,0.0,0,1.0,0.0,0,0.0,0,0,0.0,0,0,0,0,0,0,0,0,0.0
Whitecap Margarita,0.0,0.0,0.0,0,0,0.0,0,0,0,0.0,0.0,0,0,0.0,0.0,0,0.0,1,0,0.0,0,0,0,0.0,0.0,0.0,1,0.0,0.0,0,0.0,0,0,2.0,0,0,0,0,0,0,0,0,0.0
White Wine Sangria,0.0,1.0,0.0,0,0,0.0,0,0,0,4.5,0.0,0,0,0.0,0.0,1,0.0,0,0,0.0,1,0,0,0.0,0.0,0.0,0,0.0,25.500000000000004,0,0.0,0,0,0.0,0,0,0,0,0,0,0,0,0.0
Waikiki Beachcomber,0.0,0.0,0.75,0,0,0.0,1,0,0,0.0,0.0,0,0,0.0,0.0,0,0.0,0,0,0.0,0,0,0,0.0,0.0,0.0,0,0.0,0.0,1,0.75,0,0,0.0,0,0,0,0,0,0,0,0,0.0
Yellow Bird,1.0144199999999999,0.0,3.0,1,0,0.0,1,0,0,0.0,0.0,0,0,0.0,0.0,0,0.0,0,0,0.0,0,0,0,0.0,0.0,0.0,0,0.0,0.0,0,0.0,0,0,0.0,0,0,0,0,0,0,0,0,0.0
Yoghurt Cooler,0.0,0.0,0.0,0,0,0.0,0,0,0,0.0,0.0,0,0,0.0,0.0,0,0.0,0,0,0.0,0,0,0,0.0,0.0,0.0,0,0.0,0.0,1,0.0,0,0,0.0,0,0,0,0,0,0,0,0,8.0
Zorro,0.0,0.0,4.0,0,1,0.0,0,0,0,0.0,0.0,0,0,0.0,0.0,0,2.0,1,1,0.0,0,0,0,0.0,0.0,0.0,0,0.0,0.0,0,0.0,0,0,0.0,0,0,0,0,0,0,0,0,0.0
Zinger,0.0,6.0,6.0,0,0,0.0,1,0,0,0.0,0.0,0,0,0.0,0.0,0,0.0,0,0,0.0,0,0,0,0.0,0.0,0.0,0,0.0,0.0,0,0.0,0,0,0.0,0,1,0,0,0,0,0,0,0.0
Zoksel,0.0,0.0,0.0,0,0,0.0,0,0,0,0.0,0.0,0,0,0.0,0.0,0,0.0,0,0,0.0,0,0,0,0.0,1.0,0.0,0,0.0,0.0,0,0.0,0,0,0.0,0,0,0,0,0,0,0,0,0.0
Zombie,4.0,0.0,0.0,1,1,0.0,0,0,0,0.0,0.167,0,0,0.33,0.0,0,0.0,0,0,0.0,0,0,0,0.0,0.0,0.0,0,0.0,0.0,0,0.0,0,1,0.0,0,0,0,0,0,0,0,0,0.0
Zambeer,0.0,0.0,1.5,0,1,0.0,0,0,0,0.0,0.0,0,0,0.0,0.0,0,0.0,0,0,1.0,0,0,0,0.0,0.0,0.0,0,0.0,0.0,0,0.0,0,0,0.0,0,0,0,0,0,0,0,0,0.0
Zorbatini,0.0,0.0,0.0,0,1,1.25,0,0,0,0.0,0.0,0,0,0.0,0.0,0,0.0,0,0,0.0,0,0,0,0.0,0.0,0.0,0,0.0,0.25,0,0.0,1,0,0.0,0,0,0,0,0,0,0,0,0.0
Zenmeister,0.0,0.0,0.5,1,0,0.0,0,0,1,0.0,0.0,0,0,0.0,0.0,0,0.0,0,0,0.5,0,0,0,0.0,0.0,0.0,0,0.0,0.0,0,0.0,0,0,0.0,0,0,0,0,0,0,0,0,0.0
Zipperhead,0.0,1.0,0.0,0,0,1.0,0,0,0,0.0,0.0,0,0,0.0,0.0,0,0.0,0,0,0.0,1,0,0,0.0,0.0,0.0,0,0.0,0.0,0,0.0,0,0,0.0,0,0,0,0,0,0,0,0,0.0
Zima Blaster,0.0,12.0,0.0,0,0,0.0,0,0,0,0.0,0.0,0,0,0.0,0.0,0,0.0,0,0,0.0,1,0,0,0.0,0.0,0.0,0,0.0,0.0,0,0.0,0,0,0.0,0,0,0,0,0,0,0,0,0.0
Zizi Coin-coin,0.0,0.0,5.0,0,0,0.0,1,0,0,0.0,0.0,0,0,0.0,0.0,0,0.0,0,0,0.0,0,0,0,0.0,0.0,0.0,0,0.0,0.0,0,0.0,0,0,0.0,0,0,0,0,0,0,0,0,0.0
Zippy's Revenge,2.0,0.0,0.0,0,0,0.0,0,0,0,0.0,0.0,0,1,0.0,0.0,0,0.0,0,0,0.0,0,0,0,0.0,0.0,0.0,0,0.0,0.0,0,0.0,0,0,0.0,0,0,0,0,0,0,0,0,0.0
Zimadori Zinger,0.0,12.0,1.5,0,0,0.0,0,0,0,0.0,0.0,0,0,0.0,0.0,0,0.0,0,0,0.0,0,0,0,0.0,0.0,0.0,0,0.0,0.0,1,0.0,0,0,0.0,0,0,0,0,0,0,0,0,0.0
Ziemes Martini Apfelsaft,0.0,0.0,0.0,1,0,0.0,0,0,0,0.0,0.0,0,0,0.0,0.0,1,0.0,0,0,0.0,0,0,0,0.0,0.0,0.0,0,0.0,1.35256,0,0.0,0,0,0.0,0,0,0,0,0,0,0,0,0.0
